epoch,total,prediction,regularizer,variance,covariance,embedding_std,zero_prediction,residual_cosine,learning_rate,weight_decay,ema_momentum,seconds,samples_per_second,peak_gpu_memory_gib,target_delta_rms,residual_skill,prediction_defocus_100_to_075,zero_prediction_defocus_100_to_075,residual_skill_defocus_100_to_075,prediction_defocus_075_to_050,zero_prediction_defocus_075_to_050,residual_skill_defocus_075_to_050,prediction_defocus_050_to_025,zero_prediction_defocus_050_to_025,residual_skill_defocus_050_to_025,prediction_defocus_025_to_000,zero_prediction_defocus_025_to_000,residual_skill_defocus_025_to_000,prediction_resolution_100_to_075,zero_prediction_resolution_100_to_075,residual_skill_resolution_100_to_075,prediction_resolution_075_to_050,zero_prediction_resolution_075_to_050,residual_skill_resolution_075_to_050,prediction_resolution_050_to_025,zero_prediction_resolution_050_to_025,residual_skill_resolution_050_to_025,prediction_resolution_025_to_000,zero_prediction_resolution_025_to_000,residual_skill_resolution_025_to_000
1,0.19877354011039555,0.10555223566184707,0.9322130366181017,0.7057228853786736,5.662253887679603,0.294476524053865,0.0025177324079227,-0.0015930802399973193,3.3333333333333337e-06,0.0400095547404416,0.9960001061637827,8.30933356800233,950.8584455467349,6.110200881958008,0.07096103442565733,-40.92353219496222,0.10252261626804975,0.001846020350566751,-54.53709970563111,0.10492891678188601,0.0022863187671949468,-44.894263865323495,0.10640439891815186,0.0019981896774843334,-52.25039965781032,0.10397888177196554,0.0015104603093459633,-67.83920161860388,0.10471736345385095,0.002441916086256798,-41.88327680185429,0.10657159481493253,0.002824544808679512,-36.73053785071842,0.10754713581668006,0.0027568871385337396,-38.01035131742078,0.10764978552711081,0.004401756773833222,-23.45609584042627
2,0.11171129309494365,0.03000606917417241,0.8170522247563584,0.7758474333077168,1.0301198426748648,0.22390147023315052,0.0024411374406714394,0.0024164832891289787,6.6666666666666675e-06,0.040038847016218126,0.9960004316335135,15.981924110994441,494.3710122215301,6.109895706176758,0.06987329384179759,-11.29183931811688,0.028709623909746174,0.0017626454225320059,-15.287804423254542,0.03003140210317887,0.0022279305754577725,-12.479505346349638,0.029137137442112465,0.001892753360099601,-14.39404872094862,0.02961620140874956,0.0015353756509488932,-18.289221755240256,0.029673985784139597,0.0024761595219994583,-10.983874835405732,0.030278229737186812,0.0027195440022742367,-10.133568609982571,0.0301990755544234,0.0026246760073021427,-10.505829851153509,0.032292777850921016,0.004175138949179464,-6.734539674965185
3,0.09112623759786202,0.010947262726423804,0.801789735113725,0.7450944345263858,1.4173826150178397,0.2547001955087027,0.0022247868645811305,0.006576459168814478,1e-05,0.04008787618256704,0.9960009764020286,16.110282338995603,490.43212488432334,6.109712600708008,0.06670513553833807,-3.9205894284551563,0.010091862292262261,0.0016816723093256085,-5.001087272650249,0.010902659133857778,0.00205404898001542,-4.307886637530878,0.010184159782862572,0.0017294295093504906,-4.888739452981442,0.010561023552910534,0.0014947222398543067,-6.065542527780905,0.010862208264865642,0.002323486815632969,-3.6749601468715607,0.010810840874910355,0.0023780983952762444,-3.546002342201046,0.011337122573267395,0.002392402015308418,-3.7388033034263533,0.01290772871428599,0.003811110078258165,-2.3868685105483376
4,0.08360923361516484,0.004423755701700146,0.7918547653138012,0.7266425975001835,1.6303043094651184,0.2731699333728348,0.002026228953910589,0.013279995364850722,1.3333333333333335e-05,0.040156636862309636,0.9960017404095812,16.056206352004665,492.08386008401897,6.109712600708008,0.06365892204104698,-1.1832457251004969,0.003506500944421724,0.0014897756906744291,-1.3537106736077247,0.004061896054638551,0.0018414701060153046,-1.2057898422407476,0.003959578107944958,0.00152366485797766,-1.5987198478807558,0.003988651003803789,0.0012943786693756113,-2.0815178727627317,0.004295223947418363,0.0020874395358719323,-1.0576519097230905,0.0047468980627329155,0.002264574328088431,-1.0961546741280332,0.004544845569048869,0.002093064142078434,-1.1713837993210237,0.006302214051215566,0.003613939366536689,-0.743862697191598
5,0.08100474607814732,0.0027233336316279002,0.7828141140071762,0.7140085585674686,1.7201389011710886,0.28581459685799865,0.0018022617419721687,0.022636145251474112,1.6666666666666667e-05,0.040245121514251525,0.9960027235723806,15.692177195000113,503.4992851417354,6.109712600708008,0.060037686263473375,-0.5110644409772724,0.0019099904939517182,0.0012446462640042484,-0.5345649195193332,0.002414476245950617,0.001596264861090162,-0.5125787109675903,0.0023993223288355492,0.0014609402896105302,-0.6423137522445772,0.002359273522458178,0.0011437039183294201,-1.0628359181494371,0.0026127011390957534,0.001800749054339614,-0.450896854727993,0.002915273837183031,0.0020675245626937443,-0.41003105345687785,0.0029340647973860427,0.001985393798354055,-0.4778251044293891,0.004217785039556122,0.0030913318079265374,-0.3643909168020161
6,0.08029234256284658,0.0021666541878358446,0.7812568662197072,0.710910611296889,1.7586563815800182,0.28891460897575194,0.0015949158804459808,0.03003793429036847,2e-05,0.04035332043401019,0.9960039257826001,16.02104483099538,493.16384064503706,6.109834671020508,0.056478594653368665,-0.3584755248847298,0.001572247582340711,0.0011472560758495078,-0.3704417134391813,0.001976116276483684,0.0014807980061599096,-0.33449414995382276,0.0018762253194077138,0.00127397439658888,-0.47273392968601735,0.0018008720084935247,0.0010550870310014975,-0.7068468814218309,0.0021030575900034747,0.001611050848297846,-0.3053949179974411,0.002297360350873636,0.0017757348790394133,-0.29375188717157874,0.0022064592285733764,0.0016090580633091353,-0.3712738395752144,0.00349389493615184,0.002809452304813131,-0.24362137423231123
7,0.07796150341171688,0.002291953223193419,0.7566954885430162,0.6796324959571958,1.9265748264065061,0.3202075512216689,0.0014768624578061216,0.03048349591602692,2.3333333333333332e-05,0.04048122175507879,0.9960053469083897,16.37553723200108,482.4879872985091,6.109834671020508,0.05434818142153129,-0.5519070249765263,0.001745164948584411,0.0010760931903725775,-0.6217600521941595,0.0020533708481492103,0.0013338010367396828,-0.5394881182342082,0.0019753413845855832,0.0011448930828689347,-0.7253500908885453,0.0019326866594942297,0.0009605738815604038,-1.012012502728762,0.0022167759639595613,0.001467201516346816,-0.510887181659347,0.0023563069315199066,0.0015945511070502765,-0.47772430817773204,0.0025041555272257744,0.0016434453103450401,-0.5237230660873216,0.003565274797947196,0.002599219657450056,-0.3716712197555787
8,0.06921614271985506,0.003117570519476088,0.6609857073389659,0.5622035590112548,2.4695537261398,0.43767939603203476,0.0015074450608944987,0.027011313931487237,2.666666666666667e-05,0.040628811450127866,0.9960069867938903,15.895163200999377,497.06944811382874,6.109834671020508,0.05490801400836977,-1.0681155156833122,0.0024447809904813767,0.001029657441467496,-1.37436344557177,0.0028158799254248295,0.0013445585213711696,-1.0942784420816571,0.0028981727351407864,0.0012672629739698081,-1.2869544795915688,0.002887777925281957,0.0010363220125170962,-1.7865643018311528,0.0030700095439482604,0.0015424953145187314,-0.9902877597434541,0.003227528765660907,0.0016869650650522638,-0.9132161255283109,0.003188963563498091,0.0015333621072789964,-1.0797198185345902,0.004398119437646674,0.002604526765906368,-0.688644361508852
9,0.05791903244690523,0.00425342690708122,0.5366560469441981,0.4114101589020257,3.1311473012981406,0.588503782333656,0.0017689362917047802,0.025649465317817265,3e-05,0.040796073332543814,0.9960088452592505,16.158120535008493,488.9801374412044,6.109834671020508,0.059480017540311,-1.4045110765306634,0.0035987959668526185,0.0012882764036159801,-1.7934967657184355,0.003958629911287335,0.0015825155219736963,-1.501479357592761,0.003990304520587448,0.0014656695748419173,-1.7225130336882586,0.00389208477686055,0.0011731831953934243,-2.317542215182641,0.004220176099733631,0.001785461777761564,-1.3636328440614798,0.0043330537078932665,0.0019056766034394013,-1.2737612982564244,0.004329694546092576,0.0018354937393462681,-1.358871868249818,0.005631629211130777,0.003046777543298301,-0.8483887094146803
10,0.049152060317217645,0.004501897929331299,0.44650161827973,0.29642079431653673,3.752020633095443,0.7035076214141325,0.002344134140280195,0.029918446418318985,3.3333333333333335e-05,0.04098298905820391,0.9960109221006467,15.7271220949915,502.38053423112757,6.109834671020508,0.0684709306636121,-0.9204950143310424,0.0038229906024077,0.0017434510760582411,-1.1927719423312286,0.004183502679244299,0.0020997615065425634,-0.9923704031191587,0.0039753580558122975,0.0018308191882944343,-1.1713548127686413,0.0037810644588476636,0.001481326427214195,-1.5524856570326575,0.004558377741285932,0.00241133842079902,-0.8903931949027171,0.004788009195425043,0.002655658847055374,-0.8029458869440416,0.004708728175301151,0.0025108850800675724,-0.875326040479093,0.00618739469515291,0.0040067397038984105,-0.5442467323576827
11,0.04502851306852729,0.004888710089595091,0.40139802334173136,0.23317585163758595,4.2055544081314835,0.7667622837653991,0.0033432850542286954,0.03973497889974633,3.6666666666666666e-05,0.04118953812748827,0.9960132170903054,15.735401460988214,502.1162008219777,6.109834671020508,0.08177146602448429,-0.4622474632881488,0.00407961508204449,0.0026186429418948044,-0.5579119309379963,0.004456183678096431,0.0030042534737855704,-0.48329151217767485,0.004182666935026645,0.0026482853442430497,-0.579386807437158,0.003697253008237564,0.002057789374139041,-0.796711099154382,0.004958959404617695,0.0033847660266707095,-0.46508188912997883,0.005287629385877933,0.0037328460797046623,-0.4165141752365753,0.005064390300784582,0.0034816217869366884,-0.45460667778061437,0.007275112307606599,0.005714050712728877,-0.27319701440525046
12,0.04351462224452892,0.00612319105966876,0.3739143040923737,0.19526479685099846,4.466237771935047,0.8046866355553682,0.005007110231512031,0.05343626046720871,4e-05,0.04141569788752825,0.9960157299765281,15.88622898000176,497.348993895663,6.109834671020508,0.10007120127851549,-0.22289919265861613,0.0051086471863771065,0.0040768904339439005,-0.2530744372826095,0.005654975427390356,0.004627283636056553,-0.2220939696295814,0.004785494638045587,0.00369093551983177,-0.29655330263361157,0.004022355562196018,0.0028201881423398946,-0.42627206384134775,0.006295805906340705,0.005113145174232848,-0.23129809379709187,0.006897801614971275,0.005779851053607654,-0.19342203648410994,0.006775013194495615,0.005601597032758571,-0.20947886020269135,0.009227942101953105,0.008128143962389733,-0.13530741392528478
13,0.04395308853970451,0.008274542640929071,0.35678545357969466,0.17163079211325935,4.628866674085008,0.8283651729819594,0.007459371176841455,0.06722941426985808,4.3333333333333334e-05,0.04166144353469042,0.9960184604837188,16.47377432200301,479.61079504695647,6.109834671020508,0.12214265474488153,-0.10928152585011697,0.006850126746272993,0.006130448913944508,-0.1173939857310422,0.007510192940131792,0.0068169413509988975,-0.10169540171140112,0.0061919822979675295,0.005417896556923288,-0.14287569592946037,0.004719864569506263,0.003800768895865453,-0.24181835276557329,0.008847206519588174,0.007956858580052913,-0.11189691642469035,0.010349296486352725,0.009513317168040096,-0.08787463968100351,0.009619988728223778,0.008719104243730142,-0.10332305467519287,0.012382678872106983,0.01158990407260702,-0.06840218819185084
14,0.04570032980723512,0.011302404972273042,0.3439792340849792,0.15434887241810247,4.740759187130336,0.8457010634532987,0.010721948807367175,0.0756542766234525,4.6666666666666665e-05,0.04192674811729752,0.9960214083124144,15.44210552200093,511.65302482509,6.109834671020508,0.14643950467431274,-0.05413718861509853,0.010010830712682868,0.009558931323727208,-0.04727509526446272,0.010277620539256703,0.009856712743856322,-0.04270265415442198,0.007952665545397404,0.007401558011770249,-0.07445831441849982,0.005733126983737823,0.005007203827736918,-0.14497575512698813,0.011773879026111803,0.011087254034845452,-0.06192921972459531,0.014641587440607815,0.014056033026831154,-0.04165858266403566,0.013836649364942452,0.013154575481844094,-0.05185069514708052,0.01603200306353404,0.015475809680347287,-0.035939533677068924
15,0.048016177300576425,0.014663254776152684,0.33352921784882184,0.14027434682155046,4.831371851984933,0.8599053989134473,0.014239806990701327,0.07730373378464457,5e-05,0.04221158253858376,0.9960245731393176,15.644919417012716,505.02017871745863,6.109834671020508,0.16876691813222558,-0.029736904842029954,0.012820273154653918,0.012564430905934404,-0.020362422352028453,0.013000054941360948,0.01273229042286934,-0.0210303495756472,0.009772400112723458,0.009381646521874433,-0.04165085413716407,0.006986620352464787,0.0064147524535655975,-0.08914886475179884,0.014976391423664581,0.01444104486398534,-0.03707117904012236,0.019005299517122768,0.018568857886712687,-0.023503956628500244,0.01853337514533306,0.0179744911974187,-0.03109317208348128,0.021852584705958442,0.0214756793763128,-0.01755033324167421
16,0.05010754886885909,0.017678657111212838,0.3242889129350554,0.12872343380162118,4.889137088339655,0.8716146540542205,0.01735886442949464,0.07667521117171401,5.333333333333334e-05,0.04251591555988615,0.9960279546173321,15.668457660998683,504.2615023728125,6.109834671020508,0.18634422479284918,-0.018422442494270275,0.016738204572063226,0.01660078805437696,-0.008277710506040536,0.01524053785934227,0.01509350886419101,-0.009741207062863966,0.011258613843148605,0.010962176999209343,-0.027041785948233032,0.00813140705944541,0.007646437976994591,-0.06342418311767117,0.01834800951855849,0.017941684670960106,-0.022646972959905476,0.023583508812966038,0.023259769491295317,-0.013918423473279873,0.02272823805675105,0.022279941928063856,-0.020121063606656886,0.025493949726598346,0.025184563850637658,-0.012284742264967008
17,0.052360337237012854,0.020316179866746113,0.3204415654015079,0.12421082077226583,4.905768719281959,0.8762186762125126,0.020063235871083614,0.0730995291200654,5.666666666666667e-05,0.042839713804070534,0.9960315523756008,15.822149829997215,499.36323981842804,6.109834671020508,0.20034642573446654,-0.012607337983154387,0.01976778492551719,0.01969785433391045,-0.003550162896999165,0.016869518172729026,0.01677629388831593,-0.005556905776312293,0.012887524438888185,0.012660594583196528,-0.017924107292152325,0.007912567984803937,0.007485450440016528,-0.05705969843899816,0.02130109947999646,0.020968635529126246,-0.015855297327687756,0.029196867993749195,0.028966515026767035,-0.007952388016621903,0.026232659727779786,0.025841328694452693,-0.015143611149186054,0.02774896429767334,0.027491000331478353,-0.009383578737933496
18,0.05392323343071239,0.02236050989494386,0.3156272328559273,0.11905731029366258,4.914248149163541,0.8815245935998677,0.022158240414981434,0.07090906872958748,6e-05,0.043182941759192184,0.9960353660195466,16.093386474007275,490.9470118524184,6.109834671020508,0.21055937745029824,-0.009128408942872035,0.021616703811003335,0.021599209083983648,-0.0008099707240047938,0.0185442315974259,0.018485103408104095,-0.0031986939978860818,0.012700403198078353,0.012485409789537954,-0.017219571657195454,0.00891543156206304,0.008549350595802342,-0.04281973959992236,0.02411149875492069,0.023830233706046262,-0.011802865735347945,0.032790418080112134,0.03263276706807596,-0.004831064791633866,0.029785699139563655,0.029465539223056728,-0.010865571272369756,0.02989593448947711,0.029689646269901688,-0.0069481534976909565
19,0.0552391471291038,0.0241349583043526,0.31104188725972776,0.11371436846201939,4.933188021869512,0.8870577458987703,0.023964285141394842,0.0676738615655217,6.333333333333333e-05,0.04354556178239066,0.9960393951309154,16.192270920000738,487.94885158700396,6.109834671020508,0.21899227624452625,-0.007121980144650486,0.02370928982677667,0.023724768796692722,0.0006524392312817762,0.019584382977428948,0.019557879748500373,-0.0013551176952402155,0.013873226050785196,0.013712526679883602,-0.011719165596034253,0.009013290528625373,0.008674819517061423,-0.039017643064302776,0.02636060231409526,0.026137523779466706,-0.008534799872809806,0.03491272798693571,0.03477759784484496,-0.0038855513452544788,0.03309611604358283,0.03280935357982074,-0.008740265578973672,0.031950608117814805,0.031751435527498456,-0.006272868832776224
20,0.05685710013968901,0.0262267938532749,0.3063030554409073,0.10718166230487124,4.97803493391606,0.8938175855430074,0.026080308813276873,0.06395949835777887,6.666666666666667e-05,0.04392753410401784,0.9960436392678225,15.378053865992115,513.7841282681882,6.109834671020508,0.2284858004497206,-0.005616691161396625,0.02580901482166388,0.025830507828639104,0.0008320783748352323,0.021581520334132447,0.021578687666492027,-0.00013127154367298388,0.015241318837840958,0.015107539937932893,-0.008855108141873291,0.009749039629271612,0.009444795020040453,-0.03221293935819647,0.02739206813348432,0.027186384326533267,-0.007565691872836178,0.038438821802948116,0.038320025462194304,-0.003100111216549406,0.03635433546549552,0.03609123311287635,-0.007289924170679196,0.03496919065500791,0.034803960674020924,-0.004747447640645275
21,0.0587511928505708,0.02821069758811181,0.3054049508305475,0.10961985899544022,4.894627362772598,0.8913155786750618,0.028061540137965562,0.05948839476102214,7.000000000000001e-05,0.044328816831999796,0.9960480979648,15.406816211005207,512.8249660274557,6.109834671020508,0.23705110507160373,-0.005315369342270948,0.02953567349077358,0.02956335460946432,0.0009363321265942748,0.02254348372419675,0.022525685290113475,-0.0007901395164695568,0.014981635987758637,0.014824535019695759,-0.010597362268304211,0.009986606813867272,0.00968717463829692,-0.030910165941118395,0.029596050854386956,0.029389442657602245,-0.007030014117374472,0.04256594861074099,0.04246022439901791,-0.002489958854893226,0.038350580221831555,0.03808929234620475,-0.006859877396825365,0.03723710407989735,0.037067817248536285,-0.00456694901202348
22,0.05986541210134004,0.029649081970582112,0.3021632966444834,0.10286647547401818,4.982420674488071,0.8983710604730308,0.02953078791757518,0.05745321279114642,7.333333333333333e-05,0.044749365956431364,0.9960527707328493,16.194880174996797,487.8702351992896,6.109834671020508,0.24317986564337732,-0.004005787225762836,0.031783705611257956,0.031842913652409405,0.0018593788808948242,0.02492365760471278,0.024920385754932235,-0.00013129210007911674,0.015405050485673612,0.015275701771687418,-0.008467611892367222,0.01054088652652849,0.01027756708474702,-0.025620795233948224,0.030577261847528545,0.030421224366309063,-0.005129230807432217,0.0433678138719137,0.04328956597473517,-0.0018075463548006265,0.0416132692357316,0.041400098578035505,-0.005149037442369719,0.03822823718464271,0.0380601534423385,-0.004416265492961369
23,0.06101388250849033,0.030905978088174618,0.30107904099886995,0.10294766018562959,4.953284599708313,0.8983201669403427,0.03078236209940358,0.05319246607873277,7.666666666666667e-05,0.045189135354402554,0.9960576570594933,15.761570347007364,501.2825388620085,6.109834671020508,0.24830316056891125,-0.0040158058167159005,0.03293914921238331,0.032977865191404235,0.0011739989473610324,0.025643056949540492,0.02563491660440641,-0.00031754911707726485,0.0165697603583566,0.016437536342839017,-0.008044028786295954,0.009744182610252105,0.009476831709360279,-0.028211000162402744,0.03361494477674988,0.033464071962690016,-0.004508501363135853,0.04688659810170188,0.046784457795524995,-0.002183210215308984,0.04407279238831706,0.043866223708643175,-0.004709060005846366,0.039235777099558194,0.03907305042195,-0.0041646781055204585
24,0.0621596811568642,0.03235351730648694,0.29806163334089086,0.09975600043454814,4.957640943489804,0.9017030534269297,0.032237761775959356,0.05052872413835138,8e-05,0.045648076795057335,0.996062756408834,15.563493483001366,507.6623708314311,6.109834671020508,0.2541258813332067,-0.003590681367150683,0.03488423920712292,0.03490578290626142,0.0006171957006768647,0.02704308013948328,0.027035630943699013,-0.0002755325296377453,0.016794324170856575,0.016668155602135585,-0.007569437898985232,0.01016596919405706,0.00990584561812509,-0.02625960326456278,0.03361175574754414,0.033482067412451695,-0.0038733670025470346,0.04908234060280892,0.04900087319182221,-0.0016625705968094096,0.046359333083685395,0.04615146852461271,-0.004503964136305383,0.03986309835964211,0.039714648257447846,-0.003737918090875203
25,0.06344393454987163,0.03387401481000491,0.29569919251019616,0.09733071807833688,4.959212040753323,0.9042374010690178,0.03375753148147357,0.04743161863532946,8.333333333333333e-05,0.04612613994488268,0.9960680682216098,16.0098991739942,493.5071679173376,6.109834671020508,0.26007005011170625,-0.003450587866451915,0.036710462943398844,0.03675203205000424,0.0011310696113030483,0.028047031646655084,0.028034520672904538,-0.00044627029284782793,0.017494880831276878,0.017361995369137156,-0.00765381278559385,0.010740612938683084,0.010497393245075612,-0.02316953246669784,0.03565403720485236,0.035515202879269576,-0.003909151977949721,0.04964717839400142,0.049556956091038606,-0.0018205779789435272,0.04819435852483787,0.04799347944357048,-0.004185549445390402,0.043474378154402776,0.04331915098572931,-0.0035833382035719286
26,0.0638888699005275,0.03466941524613373,0.29219453549961427,0.09421971918789439,4.9493705600202125,0.9076037830513439,0.03455324861584185,0.0465169266769666,8.666666666666667e-05,0.04662327237322972,0.9960735919152581,15.883002371003386,497.4500296256561,6.109834671020508,0.26312785587182635,-0.003361959727242958,0.037087415303537236,0.037124616655743556,0.0010020669722003994,0.029908362445952016,0.02989992131538029,-0.00028231280218737886,0.017930228874970686,0.01779378476336352,-0.00766807699551908,0.011220413325485103,0.010972566059034669,-0.022587903788135355,0.03689771318980409,0.0367679093013281,-0.0035303581558632224,0.05244300504822043,0.05236786888606513,-0.0014347760134896248,0.04827160554879169,0.048074154222501796,-0.004107224130788234,0.04394635237641071,0.04378121066932103,-0.003771976712498626
27,0.06506003175577232,0.03603244362166299,0.2902758710483345,0.09345141942535619,4.920611382496386,0.9083798077269123,0.0359061387441925,0.04353620571179445,9e-05,0.047139419558062945,0.9960793268839785,15.534474487008993,508.6107036712034,6.109834671020508,0.26827595198374704,-0.00351764021106038,0.03968748726281039,0.03972533248328223,0.000952672214581507,0.030530528201685322,0.03051129553641949,-0.0006303457433616266,0.01767046482872222,0.01751090820962593,-0.009111841441129753,0.010169773900968309,0.009911954002435986,-0.026011006353435562,0.03798635686094557,0.03786677379932266,-0.0031579944533073334,0.055748391303660126,0.055659514249893446,-0.0015967989473937294,0.04997452251353667,0.04975548908485109,-0.0044021962745064425,0.044725854915601236,0.04453315729957549,-0.004327059380260456
28,0.06584267713833936,0.036974294196709154,0.28868381815791927,0.09209214337240848,4.914791994465407,0.9098870157969178,0.03685360768975646,0.042362261808245955,9.333333333333333e-05,0.04767452489194052,0.9960852724987993,15.330960406005033,515.3623641807353,6.109834671020508,0.2717986138430385,-0.0032747542104607508,0.040666490224138575,0.04070470395998739,0.0009388039251281288,0.030555398615416635,0.030532308194437637,-0.0007562618859979775,0.018221810065043947,0.018079123245443543,-0.007892352834995231,0.01079251439852695,0.010540473374569452,-0.02391173669349489,0.04052003333392235,0.040397494276485424,-0.0030333331220560034,0.056720992719240027,0.0566427422104504,-0.0013814745850209142,0.05195177329382892,0.051747608220470274,-0.003945401157263273,0.045323485919988776,0.04513891029310035,-0.004089058102863419
29,0.06669941814134218,0.03809569951030382,0.28603718000082345,0.08967808699957888,4.9089774133102635,0.9125243856429812,0.03796492496814445,0.04007244719657516,9.666666666666668e-05,0.04822852968822233,0.996091428107647,15.87299361899204,497.7636978664473,6.109834671020508,0.2758934186248676,-0.0034446147929725335,0.042694091861662654,0.04273009693816952,0.0008426163076337145,0.030838818436098998,0.0307958234467048,-0.0013961305327199192,0.01831626706579436,0.018164402605430317,-0.008360553532250181,0.011135206615776442,0.010878398280235247,-0.023607182686791628,0.041483549616154136,0.04134433076985245,-0.003367301966421099,0.0580760375520245,0.05799597770464225,-0.0013804379295054847,0.05475005465994772,0.054519074663490236,-0.00423668225998286,0.04690969887059163,0.046739545574017764,-0.0036404568012842198
30,0.0675929085036921,0.03917753102403776,0.2841537682455773,0.08660560048746016,4.938704337670583,0.9158113237468974,0.03904700203796472,0.038687698147958055,0.0001,0.048801373187506436,0.9960977930354168,15.877915897988714,497.6093871992882,6.109834671020508,0.2798291701749057,-0.003342868319215153,0.04435904751985501,0.04438663852520478,0.0006216061018926577,0.03246413149740085,0.032421104548391234,-0.0013271277955813066,0.02031203377069813,0.020155578600888204,-0.007762375514391406,0.011556234751186223,0.01129474570405298,-0.023151388617754565,0.04175724806608977,0.04163286964214801,-0.0029875054256611744,0.06040895038837277,0.06033505004127115,-0.0012248327804662562,0.054092820069107275,0.05386191589518207,-0.004286965476210547,0.047963546598529916,0.04777859673436743,-0.0038709773162812766
31,0.06877016934518225,0.0403325779094996,0.28437590639042926,0.09021746402578314,4.853961213844182,0.9119347642153339,0.040193918279086076,0.03685266107656491,9.999675607461392e-05,0.04939299256429247,0.9961043665840477,15.846487512986641,498.5962973513789,6.109834671020508,0.2839304975552661,-0.003449766441050661,0.046668217144717805,0.04669326157313833,0.0005363606562650558,0.033344106287018865,0.03328167623243271,-0.0018758086026122722,0.01959042552113533,0.019423108100891113,-0.008614348402691707,0.011593807892349114,0.011342911505293181,-0.02211922282377432,0.04361616913320983,0.04347300006838268,-0.0032932869735684545,0.06266503763340768,0.06257393465392173,-0.0014559253783514858,0.055138491155434045,0.05491636463521439,-0.004044814723173085,0.048855893475534415,0.04866028798990231,-0.004019817672938908
32,0.06949685608838242,0.04124642591774954,0.2825042987990841,0.08635025373000522,4.903851210112935,0.9161578947163099,0.04111085458882714,0.03611371770959431,9.998681115190574e-05,0.050003322933872385,0.9961111480325986,16.189555566001218,488.0306916264242,6.109834671020508,0.2871524013438841,-0.0032977015505593066,0.04881855050521255,0.048851942073017296,0.0006835259027131446,0.035041031223244784,0.034997717454666046,-0.0012376169570156303,0.020212338104983938,0.020035278996038984,-0.008837366775873656,0.012041531855592856,0.011778906603458022,-0.022296233510989305,0.04477834952712962,0.04464589674590212,-0.0029667403027280326,0.06268338022004086,0.06260530991976955,-0.0012470236210211372,0.05692854166160883,0.05670450824427631,-0.0039508925175297804,0.0482879371922337,0.048079497729935694,-0.004335308647956726
33,0.07001961005735874,0.041854438252549975,0.2816517087435846,0.08574085209154204,4.897771502850765,0.9168348240257894,0.04171292707295738,0.03476215540465034,9.997016570662151e-05,0.050632297359445966,0.9961181366373272,16.03401607500564,492.7648795560548,6.109834671020508,0.2892709871912329,-0.00339250178595929,0.04893662704375082,0.04895681345868923,0.0004123310630795851,0.03536748549630565,0.035313257797350804,-0.001535618697828589,0.021162282761804846,0.020984456834875938,-0.008474173447909461,0.011514338342946592,0.011246419484371351,-0.023822591621053713,0.04720111375068913,0.047078229054033936,-0.00261022343287709,0.0628751087738533,0.06279223769965661,-0.0013197662200392646,0.059849068492166396,0.05961807181195515,-0.003874608372774091,0.0498464516257354,0.0496309123725714,-0.004342842854589968
34,0.07116145499445731,0.043187494546367375,0.27973959472658905,0.08398676980954004,4.893820773316492,0.9187026671964358,0.043060321865798765,0.03498908061495975,9.994682199255739e-05,0.05127984685946252,0.9961253316317717,15.893054269006825,497.1354068429631,6.109834671020508,0.29398401169698624,-0.002953361123610554,0.051751659643015216,0.05177981643046618,0.0005437792057215729,0.036957925050325566,0.03691811041702721,-0.001078458048058506,0.02096680682054989,0.020804527448734064,-0.007800195040032154,0.011463263292902523,0.011218622130985113,-0.021806703092505986,0.045904981682175085,0.045802396065310426,-0.0022397434561802765,0.06679258979048719,0.06670695061279237,-0.0012838119102747125,0.06158024763891195,0.06136639599640032,-0.003484833010629629,0.04842892729216341,0.048219736597202946,-0.004338279503845355
35,0.07138043476360355,0.04349376106913626,0.27886672859447786,0.08265334489586655,4.905334688895655,0.9201730173036368,0.043360389134443615,0.03378444529080629,9.991678317045618e-05,0.051945900415185986,0.9961327322268354,16.14610077800171,489.34415241385926,6.109834671020508,0.29501237372953576,-0.00307589339844494,0.05286709229030628,0.05289857525835163,0.0005951572020906903,0.03688196109760431,0.03682498920705217,-0.001547098635435118,0.02133503091876088,0.02116635914972783,-0.007968860768160058,0.0118622158911634,0.01161355254973503,-0.021411479421431956,0.04635323531599666,0.04622539979671084,-0.002765482177504497,0.06503667480507262,0.06495387970957822,-0.0012746751366445874,0.06061961784778974,0.06040466014389208,-0.0035586278175492314,0.05181344274070955,0.05161873073948006,-0.0037721191211035343
36,0.07177863018171136,0.04415715525511201,0.27621474046599126,0.07883353976924394,4.934530090884368,0.9242451083824583,0.04403411954313181,0.03480841093252858,9.988005330757945e-05,0.05263038497848388,0.9961403376108721,16.078427050000755,491.4037906462765,6.109834671020508,0.2973130927820029,-0.0027940995132125224,0.05367904313300785,0.05371789281305514,0.0007232167535403677,0.037716314086556936,0.037673153328996165,-0.0011456635228765943,0.020944123712990096,0.020776240844768267,-0.008080521855526435,0.011833063227858,0.011583484515159545,-0.021546082473872685,0.04941702091731883,0.049321848325090886,-0.0019296233912533545,0.06725439574587998,0.06718246972382959,-0.0010706069953376751,0.061370098901727614,0.06117373749748276,-0.0032098971270626553,0.05171532559035411,0.05152425014193933,-0.0037084566565919186
37,0.07319381838923028,0.04558744459567289,0.2760637296504453,0.07988612111358458,4.904440307749961,0.9231811686114954,0.045458256753241465,0.0331669637423922,9.983663737715682e-05,0.05333322547983865,0.9961481469497759,15.902862611997989,496.82879068822825,6.109834671020508,0.30211499197408714,-0.002841900496376004,0.05540497303009033,0.05543876695515487,0.0006095720904448765,0.039230053330753946,0.039179677997793,-0.0012857515818223142,0.021235807308685614,0.02106055175727842,-0.008321508070016526,0.01139892630173275,0.01114142628700206,-0.023111943488877795,0.050016351420159935,0.04992745551218333,-0.0017805014708773825,0.06890225615388987,0.06880890801988088,-0.0013566286211375012,0.06337354141681349,0.06317008253353745,-0.003220810787575301,0.05270569722470923,0.05249853843033559,-0.003945991651720604
38,0.07360707929150664,0.04608805916581995,0.2751901932131443,0.07947936126203903,4.89277090070942,0.923587396429726,0.045955671598422135,0.031885646986155675,9.978654125771261e-05,0.054054344836581,0.9961561593870731,15.854175757995108,498.35451054688866,6.109834671020508,0.303731386362188,-0.0028807666778252194,0.05631841894370228,0.056345208386080946,0.0004754520064085277,0.039365769357516844,0.03930435505112991,-0.0015625318442966663,0.021203717301784365,0.021029458461232553,-0.008286415975620853,0.011783852201110848,0.011527487322703292,-0.02223944136573852,0.05160407672174796,0.05151247944996108,-0.00177815691973926,0.06961345204762606,0.06953231918945468,-0.0011668366468593483,0.06425566010080568,0.06403366780114673,-0.003466805936344741,0.05313369556962247,0.052931049053209375,-0.003828499907670091
39,0.0746269401074693,0.04723716470455463,0.2738977438240862,0.07799922480072165,4.897463103877247,0.9254082398933031,0.04710995114433541,0.031510726452899755,9.972977173226982e-05,0.054793663961343386,0.9961643740440149,15.70850361000339,502.9759801543754,6.109834671020508,0.3075977732730451,-0.0027003543227939186,0.05874808404756629,0.05880519171123919,0.0009711330243310501,0.038866340065498654,0.03881003011324479,-0.0014509123566655013,0.02289109224611931,0.022723957262782434,-0.007355012219223411,0.011767947826055322,0.011512791633575041,-0.022162842914325243,0.05404094306735826,0.05394781474114389,-0.0017262668870132725,0.07085471801826211,0.07077197877110028,-0.0011690961394401622,0.06718643332570495,0.06698182059329737,-0.0030547502381275127,0.053163651321471744,0.05295796418616173,-0.003883969832884304
40,0.07472369411092455,0.0473673093199745,0.2735638419837382,0.07756836746308098,4.899886955446631,0.9257274579887164,0.04724495025574897,0.032280799181095304,9.96663364874318e-05,0.05555110177073408,0.9961727900196748,15.394888201000867,513.2223044975625,6.109834671020508,0.30799600174123953,-0.0025898866135569687,0.05764836415266379,0.05768123501386398,0.0005698709674347713,0.04217554859755453,0.04212705787917799,-0.0011510587450851428,0.022854684986690483,0.022683399650129943,-0.007551131629405461,0.01206643471368854,0.011819096457772921,-0.020927002059700994,0.05295889994554352,0.05285852737942634,-0.001898890701148348,0.07121952584920785,0.07116425237241816,-0.00077670283811071,0.06482604677746405,0.06462976048967156,-0.003037088274895572,0.05459034290693632,0.05439428298660878,-0.0036044214495078997
41,0.07568028683889336,0.048258038884819256,0.2742224711132206,0.07921298457397538,4.8752372716593,0.9239287672578768,0.04813121448753906,0.030959289204605077,9.959624411234136e-05,0.05632657519422973,0.996181406391047,15.80372034299944,499.9455715818142,6.109834671020508,0.31092596640772685,-0.0026349718915368303,0.06171879510507516,0.06174061979566302,0.00035348998212347826,0.04047057971867741,0.04041404000077492,-0.0013990117766351506,0.022104219913482666,0.021927539318799972,-0.00805747476330887,0.011768037620528195,0.011516115148585401,-0.021875647185912284,0.054049758135978815,0.05395869674353764,-0.0016876128953593472,0.07285808706803927,0.07281046354817966,-0.0006540752185721921,0.06655156790229028,0.06633771680019519,-0.003223672933139854,0.05521975369495753,0.05502096062463651,-0.003613042521689591
42,0.07528706412649716,0.048116274833407614,0.27170788811409174,0.07571053962766514,4.899933754168135,0.9278082308807247,0.04799718685413279,0.030968591542564424,9.951950409751795e-05,0.05711999918328603,0.9961902222131476,15.909486345000914,496.6219416934636,6.109834671020508,0.3104791683218305,-0.0024811449811994457,0.06098011181393211,0.06103373704285457,0.0008786161805036663,0.04112076453440558,0.04106417722333738,-0.0013780213045653245,0.02227425191462102,0.02210612146026524,-0.007605606196364523,0.011537375997387942,0.01128801121134427,-0.022091117857241604,0.053762876259332355,0.05367665466937152,-0.0016063145233609077,0.07361902439024344,0.07356497817542923,-0.00073467315772624,0.06568689598836971,0.06548825621344921,-0.003033212157506071,0.054400317839708355,0.054197487186023824,-0.003742436489506451
43,0.07638810832916733,0.049217622252359164,0.2717048526262878,0.07645853937668011,4.881157955811335,0.9268775491937175,0.049089702258093754,0.030337228184786798,9.94361268335725e-05,0.057931286720665054,0.9961992365191185,15.857342584989965,498.25498551559485,6.109834671020508,0.31404587816652674,-0.0026058417220145014,0.06317772452004687,0.06320460400504913,0.00042527732631802984,0.04132529474314182,0.04126597550367155,-0.0014374854525125436,0.0217994875400453,0.021629733180907704,-0.007848194784364493,0.01150995594842818,0.01126153361742982,-0.022059369481779,0.057741017091286415,0.057651129033830434,-0.0015591725428869552,0.07581136161676243,0.07574928506615276,-0.000819500151789665,0.0683403202309841,0.06812543103971132,-0.0031543167946712636,0.056411687803711315,0.05620655654261602,-0.0036495966611966857
44,0.07750957677985518,0.05039557371721843,0.27114001575821095,0.07625796870783362,4.872051259653883,0.9271311478107251,0.05026739027783503,0.030284213953388747,9.93461236098006e-05,0.05876034882997905,0.9962084483203331,14.657330760004697,539.0476703684258,6.109834671020508,0.3178054642615468,-0.0025500317138986706,0.06429795377118112,0.06431503311769497,0.0002655576104981794,0.0439121953400153,0.04385890668151685,-0.001215001980906738,0.022806766956888568,0.022623240885310147,-0.008112280309829023,0.011635749779411198,0.011375062401915334,-0.022917445925568547,0.056939926523911326,0.0568434182593697,-0.0016977913626037289,0.07596559948940014,0.07590605744713627,-0.0007844175322284652,0.06974277849236195,0.06954099760899587,-0.002901610421245593,0.055875429067980736,0.0556753155777265,-0.0035942946739990767
45,0.07730130490102793,0.0502730627954308,0.27028240841516227,0.07448244896109021,4.894999080180458,0.9291414468443223,0.050149783320463756,0.02968411441996586,9.924950661265395e-05,0.059607094585448384,0.996217856606505,11.091616125006112,712.339834966624,6.109834671020508,0.31740734980016166,-0.0024582254758562794,0.06349292068375159,0.0635308909561134,0.0005976662972984048,0.043334431232845916,0.04328844471956876,-0.0010623276852532726,0.02333158848318593,0.023160872271897996,-0.007370888681730303,0.012021420888127165,0.01176982783573739,-0.021376103023856396,0.05676801873245769,0.056673404596658504,-0.0016694627131110806,0.07451831632542179,0.07444266241744525,-0.0010162708522205577,0.0695495206444155,0.06933507298360628,-0.003092917503092929,0.057929046512130766,0.05776320070388817,-0.002871132593444292
46,0.07761347150896157,0.050706723149276024,0.2690674805245872,0.07307182856299216,4.899891466479439,0.9306524070497254,0.05059293287794072,0.029759329069326112,9.914628892409025e-05,0.060471431121873864,0.9962274603457986,9.346867287007626,845.309958662041,6.109834671020508,0.31884532092018847,-0.0022491337201151484,0.065629533880394,0.06567199721268797,0.0006465972422987631,0.04411938513004327,0.04407506986257899,-0.001005449738422426,0.023563679340281918,0.02341763873605385,-0.006236350550716363,0.012027334772752139,0.011793048309539268,-0.01986648888933651,0.05754276850398365,0.05745581365670459,-0.001513421214406785,0.076831005194887,0.07675190677690269,-0.0010305726763797374,0.06948832254352397,0.06931758288634099,-0.002463150763103439,0.057360399997414054,0.05717611516540374,-0.00322310866132125
47,0.07901290127833785,0.052085144061738066,0.26927756402420405,0.07425275600955329,4.8756202612175485,0.9294467735722041,0.05196052858337935,0.02893369904863217,9.903648451980193e-05,0.061353263644821576,0.9962372584849425,8.340584190998925,947.2957551974214,6.109834671020508,0.32316067531250103,-0.002398271952887221,0.0657397810461486,0.06579312884748863,0.0008108415312439998,0.0453450365678652,0.04527984802182261,-0.001439681202356713,0.023445480090884405,0.023280696869535333,-0.007078105190429396,0.011440584825212041,0.011191171357827545,-0.02228662750392485,0.05807576452052925,0.057986087828536974,-0.001546520818190844,0.0786395495673294,0.0785445178655838,-0.0012099087794801289,0.07194770663531859,0.07174606038563287,-0.002810555013081917,0.059155700260719646,0.05896295791054949,-0.003268871796807682
48,0.07883860519842593,0.05195245238174488,0.268861514988496,0.07357404152926969,4.882186945594273,0.9301864620010063,0.051822117681277584,0.028730299273347148,9.892010826732384e-05,0.06225249544101896,0.9962472499493447,15.389079696993576,513.4160167838721,6.109834671020508,0.3227151924424259,-0.002515040031148441,0.06560922315971336,0.06562831210131621,0.00029086443017734,0.0446861775491038,0.044625810405303695,-0.0013527405609405907,0.02296934617349477,0.02280705544627484,-0.0071158123678976,0.011650314624824777,0.01139167064723011,-0.022704657253899585,0.06058439391966166,0.06048128528193983,-0.0017048023573107418,0.07892163242161213,0.07885061877340109,-0.000900609904091132,0.07170663944864321,0.07150757253348293,-0.002783857822429514,0.05784031042612221,0.057629839184293784,-0.0036521226643608795
49,0.07906612037194105,0.052205927311664985,0.26860192643284964,0.07356369921152779,4.8759557571068335,0.9300740067528224,0.05207907545492628,0.027994522157009306,9.879717592402022e-05,0.06316902788896223,0.9962574336432107,16.315480919001857,484.2639968275826,6.109834671020508,0.32350210853888794,-0.002435754775418353,0.06556279426035674,0.06558288601429565,0.0003063566604026846,0.04500288867028901,0.044937316560887015,-0.0014591905885867895,0.02381721068068072,0.02365772368816229,-0.006741434409356595,0.011747703303996458,0.011505644737561214,-0.021038244440576337,0.06049633832606844,0.060411570693079876,-0.0014031688303426382,0.07870960766907598,0.07864150948456076,-0.0008659318082975265,0.07297318246563671,0.0727593366123336,-0.0029390847038985868,0.05888166834249752,0.05868834357749386,-0.003294091351349726
50,0.07897906758738928,0.05219402758918779,0.2678503923560378,0.07226274042299406,4.889691403298087,0.9315998693264492,0.052067492675395004,0.02832605412995841,9.86677041349511e-05,0.0641027604697319,0.9962678084496637,15.881062738000765,497.5107856663906,6.109834671020508,0.3235001715767792,-0.002430209470266842,0.06559861201506395,0.06563070844381283,0.0004890458980243428,0.04613930676594254,0.04608802072519113,-0.001112784622650853,0.023810007563321897,0.023648273753057614,-0.006839138110170673,0.011628395751350284,0.01137687395582545,-0.022108164026555244,0.0597149254808649,0.05962246859747532,-0.001550705389502971,0.07946436340815922,0.07938370852192948,-0.0010160130804099943,0.0718388695316196,0.07164105272144697,-0.0027612214318202266,0.058628156735534204,0.05841569229579922,-0.0036371124159435553
