epoch,method,classification_mean_accuracy,classification_mean_macro_f1,retrieval_mean_recall
100,lejepa,0.7425241020957278,0.7158674365509593,0.0926956584870045
100,simplex_sigreg_lejepa,0.759443127642065,0.7417581878749115,0.09400292361269566
150,lejepa,0.7660982775345333,0.746323740224992,0.10134496555507155
150,simplex_sigreg_lejepa,0.758440649585667,0.7394023874883442,0.08987224031474067
200,lejepa,0.7694761720180588,0.7470393633547947,0.10330065156114235
200,simplex_sigreg_lejepa,0.7723028980712294,0.752082074809286,0.10160833846146755
250,lejepa,0.7770418904893004,0.7511050397453789,0.11359753596032093
250,simplex_sigreg_lejepa,0.7750656708914903,0.7519988343298455,0.10273125004321462
300,lejepa,0.7736674352139101,0.7541649282055881,0.11396053871914189
300,simplex_sigreg_lejepa,0.7664854543964684,0.7446036761338786,0.10740832739852632
