method,run_id,dataset,epoch,accuracy,balanced_accuracy,macro_f1,weighted_f1,probe_validation_macro_f1,test_images
lejepa,ssl-lejepa-s20260903,bach,100,0.725,0.725,0.7144501278772378,0.7144501278772378,0.7257246376811594,40
lejepa,ssl-lejepa-s20260903,bach,150,0.65,0.65,0.6130952380952381,0.6130952380952381,0.7718071402281929,40
lejepa,ssl-lejepa-s20260903,bach,200,0.675,0.675,0.661231884057971,0.661231884057971,0.7765345268542199,40
lejepa,ssl-lejepa-s20260903,bach,250,0.725,0.7250000000000001,0.7168560606060606,0.7168560606060606,0.8139450773721874,40
lejepa,ssl-lejepa-s20260903,bach,300,0.7,0.7000000000000001,0.6921839882197939,0.6921839882197938,0.7912178046449146,40
lejepa,ssl-lejepa-s20260903,breakhis_8subtype,100,0.6193181818181818,0.6193181818181819,0.6055837244279184,0.6055837244279183,0.668299425225845,352
lejepa,ssl-lejepa-s20260903,breakhis_8subtype,150,0.7585227272727273,0.7585227272727273,0.7546159726668866,0.7546159726668867,0.7398098206974778,352
lejepa,ssl-lejepa-s20260903,breakhis_8subtype,200,0.7443181818181818,0.7443181818181819,0.7427136591126438,0.7427136591126439,0.7341791793671764,352
lejepa,ssl-lejepa-s20260903,breakhis_8subtype,250,0.7784090909090909,0.7784090909090909,0.7741026361213971,0.774102636121397,0.764895822912833,352
lejepa,ssl-lejepa-s20260903,breakhis_8subtype,300,0.7471590909090909,0.7471590909090908,0.7430043525455641,0.7430043525455642,0.7453847998114852,352
lejepa,ssl-lejepa-s20260903,crc_val_he_7k,100,0.9607843137254902,0.9607843137254901,0.9606928297793027,0.9606928297793028,0.9674471814188494,306
lejepa,ssl-lejepa-s20260903,crc_val_he_7k,150,0.9771241830065359,0.977124183006536,0.9771067405400333,0.9771067405400333,0.9738484939004083,306
lejepa,ssl-lejepa-s20260903,crc_val_he_7k,200,0.9836601307189542,0.9836601307189543,0.9836559499421659,0.9836559499421659,0.9869747596204825,306
lejepa,ssl-lejepa-s20260903,crc_val_he_7k,250,0.9869281045751634,0.9869281045751634,0.986923216903749,0.9869232169037488,0.9869747596204825,306
lejepa,ssl-lejepa-s20260903,crc_val_he_7k,300,0.9803921568627451,0.9803921568627452,0.9803872691913307,0.9803872691913309,0.9803398466604177,306
lejepa,ssl-lejepa-s20260903,ebhi_seg_6class,100,0.7379679144385026,0.5908776411435986,0.5640654593732805,0.7186973759203727,0.6157662492546213,187
lejepa,ssl-lejepa-s20260903,ebhi_seg_6class,150,0.7165775401069518,0.6340024558109665,0.648730054768457,0.7150020592565541,0.7522593835544713,187
lejepa,ssl-lejepa-s20260903,ebhi_seg_6class,200,0.7540106951871658,0.630455189231785,0.6124496349417993,0.7428133145396392,0.7955797154283276,187
lejepa,ssl-lejepa-s20260903,ebhi_seg_6class,250,0.7647058823529411,0.6422460717673483,0.5974328617522958,0.7518117710768053,0.7720978868720204,187
lejepa,ssl-lejepa-s20260903,ebhi_seg_6class,300,0.7433155080213903,0.6492759330525288,0.6337792726929585,0.7264206626945859,0.8086951418435248,187
lejepa,ssl-lejepa-s20260903,endometrial_4class,100,0.5377358490566038,0.5377358490566038,0.5390392035619069,0.5390392035619069,0.5609459370283527,212
lejepa,ssl-lejepa-s20260903,endometrial_4class,150,0.5566037735849056,0.5566037735849056,0.5573150490900547,0.5573150490900547,0.617049380207275,212
lejepa,ssl-lejepa-s20260903,endometrial_4class,200,0.5377358490566038,0.5377358490566038,0.534704097985348,0.534704097985348,0.5385202248587204,212
lejepa,ssl-lejepa-s20260903,endometrial_4class,250,0.5613207547169812,0.5613207547169811,0.5623364858170229,0.5623364858170229,0.5632728758344017,212
lejepa,ssl-lejepa-s20260903,endometrial_4class,300,0.5471698113207547,0.5471698113207547,0.547361181260988,0.547361181260988,0.5573711886503943,212
lejepa,ssl-lejepa-s20260903,gashissdb_binary,100,0.87,0.87,0.8697916666666667,0.8697916666666667,0.9449876222149984,200
lejepa,ssl-lejepa-s20260903,gashissdb_binary,150,0.895,0.895,0.8949763696831787,0.8949763696831787,0.96,200
lejepa,ssl-lejepa-s20260903,gashissdb_binary,200,0.915,0.915,0.9149468417761101,0.9149468417761102,0.9549898727213624,200
lejepa,ssl-lejepa-s20260903,gashissdb_binary,250,0.875,0.875,0.8744696342045141,0.8744696342045141,0.94,200
lejepa,ssl-lejepa-s20260903,gashissdb_binary,300,0.865,0.865,0.8645903859174001,0.8645903859174001,0.93999399939994,200
lejepa,ssl-lejepa-s20260903,kather_2016,100,0.9153225806451613,0.9153225806451613,0.9156643072392425,0.9156643072392425,0.9271056488800025,496
lejepa,ssl-lejepa-s20260903,kather_2016,150,0.9193548387096774,0.9193548387096775,0.9188397514720955,0.9188397514720955,0.92456985028606,496
lejepa,ssl-lejepa-s20260903,kather_2016,200,0.9395161290322581,0.9395161290322581,0.9398865468912563,0.9398865468912562,0.94092169195314,496
lejepa,ssl-lejepa-s20260903,kather_2016,250,0.9576612903225806,0.9576612903225807,0.9574587973586535,0.9574587973586535,0.9460568073457193,496
lejepa,ssl-lejepa-s20260903,kather_2016,300,0.9395161290322581,0.9395161290322581,0.9395695189474771,0.939569518947477,0.9412282290675187,496
lejepa,ssl-lejepa-s20260903,lc25000_5class,100,0.96,0.96,0.9599871948779513,0.9599871948779511,0.975997599759976,500
lejepa,ssl-lejepa-s20260903,lc25000_5class,150,0.978,0.978,0.9779797494937373,0.9779797494937373,0.9879564177704021,500
lejepa,ssl-lejepa-s20260903,lc25000_5class,200,0.976,0.976,0.975999599959996,0.975999599959996,0.9859996499912498,500
lejepa,ssl-lejepa-s20260903,lc25000_5class,250,0.978,0.9780000000000001,0.97799794979873,0.9779979497987299,0.9879944170549966,500
lejepa,ssl-lejepa-s20260903,lc25000_5class,300,0.978,0.978,0.9779979497987299,0.9779979497987299,0.9879882389329925,500
lejepa,ssl-lejepa-s20260903,mhist,100,0.7575757575757576,0.7575757575757576,0.7571793561573837,0.7571793561573837,0.752367339646239,198
lejepa,ssl-lejepa-s20260903,mhist,150,0.7929292929292929,0.7929292929292929,0.7922882071488883,0.7922882071488883,0.7722567287784678,198
lejepa,ssl-lejepa-s20260903,mhist,200,0.7878787878787878,0.7878787878787878,0.7876838235294117,0.7876838235294118,0.7769585253456222,198
lejepa,ssl-lejepa-s20260903,mhist,250,0.8282828282828283,0.8282828282828283,0.8278436988543372,0.8278436988543372,0.7668202764976959,198
lejepa,ssl-lejepa-s20260903,mhist,300,0.8282828282828283,0.8282828282828283,0.828125,0.828125,0.756357670221493,198
lejepa,ssl-lejepa-s20260903,oral_oscc,100,0.7786885245901639,0.7361883574341861,0.7168886978942846,0.7862779769914123,0.8186312776476711,122
lejepa,ssl-lejepa-s20260903,oral_oscc,150,0.819672131147541,0.7868001483129403,0.7670138888888889,0.8251195355191256,0.839968774395004,122
lejepa,ssl-lejepa-s20260903,oral_oscc,200,0.7868852459016393,0.7890248424175009,0.7438630490956072,0.7989314610073283,0.7803571428571429,122
lejepa,ssl-lejepa-s20260903,oral_oscc,250,0.8278688524590164,0.7921764923989618,0.7753222836095763,0.8323219515140536,0.803639846743295,122
lejepa,ssl-lejepa-s20260903,oral_oscc,300,0.8278688524590164,0.8040415276232851,0.7798023205844435,0.8337717598822095,0.8256482948386559,122
lejepa,ssl-lejepa-s20260903,osteosarcoma_3class,100,0.46176470588235297,0.31993787614055524,0.3448566064608014,0.5057783921492466,0.710403321632954,340
lejepa,ssl-lejepa-s20260903,osteosarcoma_3class,150,0.4588235294117647,0.3262958648806057,0.35976368159203975,0.516642888498683,0.7206023647115157,340
lejepa,ssl-lejepa-s20260903,osteosarcoma_3class,200,0.5294117647058824,0.5453310036886041,0.4144885416145816,0.5833754294910307,0.8186790369205214,340
lejepa,ssl-lejepa-s20260903,osteosarcoma_3class,250,0.5058823529411764,0.35349932052028726,0.3895506554519967,0.5668583769038418,0.828689525620767,340
lejepa,ssl-lejepa-s20260903,osteosarcoma_3class,300,0.47941176470588237,0.3474568045039798,0.3768211920529801,0.5357460070120763,0.7709350075021716,340
lejepa,ssl-lejepa-s20260903,pcam_binary,100,0.81,0.81,0.8099239695878351,0.8099239695878352,0.8230491165095175,200
lejepa,ssl-lejepa-s20260903,pcam_binary,150,0.865,0.865,0.8648344221671547,0.8648344221671548,0.8579545454545454,200
lejepa,ssl-lejepa-s20260903,pcam_binary,200,0.865,0.865,0.8648344221671547,0.8648344221671548,0.8590982286634461,200
lejepa,ssl-lejepa-s20260903,pcam_binary,250,0.88,0.8799999999999999,0.8795664391810518,0.8795664391810518,0.8845120634681529,200
lejepa,ssl-lejepa-s20260903,pcam_binary,300,0.9,0.8999999999999999,0.8996386993175431,0.8996386993175431,0.8795664391810518,200
lejepa,ssl-lejepa-s20260903,renalcell_6class,100,0.6203703703703703,0.6203703703703703,0.6060254664733197,0.6060254664733197,0.8138460424001885,324
lejepa,ssl-lejepa-s20260903,renalcell_6class,150,0.6512345679012346,0.6512345679012345,0.6445472756309193,0.6445472756309193,0.7977144857121886,324
lejepa,ssl-lejepa-s20260903,renalcell_6class,200,0.6512345679012346,0.6512345679012346,0.6443643042829054,0.6443643042829054,0.7626098113273331,324
lejepa,ssl-lejepa-s20260903,renalcell_6class,250,0.6481481481481481,0.6481481481481481,0.6321004106963378,0.6321004106963378,0.7780635392491227,324
lejepa,ssl-lejepa-s20260903,renalcell_6class,300,0.6234567901234568,0.6234567901234568,0.6067809655022888,0.6067809655022887,0.7919361437977129,324
lejepa,ssl-lejepa-s20260903,sicapv2_4class,100,0.6,0.6,0.5922705109923606,0.5922705109923607,0.593497068571325,380
lejepa,ssl-lejepa-s20260903,sicapv2_4class,150,0.6026315789473684,0.6026315789473684,0.5739286069171061,0.573928606917106,0.5898911920605147,380
lejepa,ssl-lejepa-s20260903,sicapv2_4class,200,0.5631578947368421,0.5631578947368421,0.5546616449074788,0.5546616449074787,0.6394695788994477,380
lejepa,ssl-lejepa-s20260903,sicapv2_4class,250,0.5184210526315789,0.518421052631579,0.4973976000456829,0.49739760004568295,0.6511841816719864,380
lejepa,ssl-lejepa-s20260903,sicapv2_4class,300,0.5921052631578947,0.5921052631578947,0.5899331659885909,0.589933165988591,0.6417104104520912,380
lejepa,ssl-lejepa-s20260903,wsss4luad_3class,100,0.7833333333333333,0.7833333333333332,0.7815924268948972,0.7815924268948972,0.9369584823251899,300
lejepa,ssl-lejepa-s20260903,wsss4luad_3class,150,0.85,0.8500000000000001,0.8498210952202016,0.8498210952202017,0.9599780494755287,300
lejepa,ssl-lejepa-s20260903,wsss4luad_3class,200,0.8333333333333334,0.8333333333333334,0.8301064500574905,0.8301064500574904,0.9501173802854476,300
lejepa,ssl-lejepa-s20260903,wsss4luad_3class,250,0.82,0.82,0.8172168657792781,0.8172168657792781,0.9467407322903303,300
lejepa,ssl-lejepa-s20260903,wsss4luad_3class,300,0.8533333333333334,0.8533333333333334,0.8524986610637333,0.8524986610637334,0.9467076758937427,300
simplex_k64,ssl-simplex-k64-s20260903,bach,100,0.65,0.65,0.6481924508240298,0.6481924508240298,0.7538745579363428,40
simplex_k64,ssl-simplex-k64-s20260903,bach,150,0.675,0.675,0.6691919191919192,0.6691919191919192,0.7915157004830917,40
simplex_k64,ssl-simplex-k64-s20260903,bach,200,0.775,0.775,0.7583333333333334,0.7583333333333334,0.8227576517050201,40
simplex_k64,ssl-simplex-k64-s20260903,bach,250,0.75,0.75,0.7398077412783295,0.7398077412783295,0.8165674603174603,40
simplex_k64,ssl-simplex-k64-s20260903,bach,300,0.75,0.75,0.745067378591406,0.745067378591406,0.8462503183091419,40
simplex_k64,ssl-simplex-k64-s20260903,breakhis_8subtype,100,0.6846590909090909,0.6846590909090909,0.6792830263984284,0.6792830263984285,0.7114608791046276,352
simplex_k64,ssl-simplex-k64-s20260903,breakhis_8subtype,150,0.7244318181818182,0.7244318181818181,0.7191448788237995,0.7191448788237995,0.7137947352644567,352
simplex_k64,ssl-simplex-k64-s20260903,breakhis_8subtype,200,0.7073863636363636,0.7073863636363635,0.6986990881991534,0.6986990881991534,0.7447748340067256,352
simplex_k64,ssl-simplex-k64-s20260903,breakhis_8subtype,250,0.7613636363636364,0.7613636363636365,0.7617281583597268,0.7617281583597268,0.7636621835418294,352
simplex_k64,ssl-simplex-k64-s20260903,breakhis_8subtype,300,0.7357954545454546,0.7357954545454546,0.7330460304056792,0.7330460304056793,0.7478848654380792,352
simplex_k64,ssl-simplex-k64-s20260903,crc_val_he_7k,100,0.9607843137254902,0.9607843137254901,0.960825196628095,0.9608251966280951,0.9673170642331651,306
simplex_k64,ssl-simplex-k64-s20260903,crc_val_he_7k,150,0.9803921568627451,0.9803921568627452,0.9804196926677352,0.9804196926677352,0.9771155717447277,306
simplex_k64,ssl-simplex-k64-s20260903,crc_val_he_7k,200,0.9673202614379085,0.9673202614379084,0.9673411659683606,0.9673411659683606,0.9705796882954574,306
simplex_k64,ssl-simplex-k64-s20260903,crc_val_he_7k,250,0.9836601307189542,0.9836601307189543,0.9836436018136214,0.9836436018136214,0.9803384934621335,306
simplex_k64,ssl-simplex-k64-s20260903,crc_val_he_7k,300,0.9869281045751634,0.9869281045751634,0.9869266907859112,0.9869266907859113,0.9770718728042085,306
simplex_k64,ssl-simplex-k64-s20260903,ebhi_seg_6class,100,0.7647058823529411,0.7256876557408473,0.721562082231786,0.7639670279595746,0.6565317369767019,187
simplex_k64,ssl-simplex-k64-s20260903,ebhi_seg_6class,150,0.7272727272727273,0.6381551764530489,0.6505059770969644,0.7164851906053763,0.759969227984433,187
simplex_k64,ssl-simplex-k64-s20260903,ebhi_seg_6class,200,0.7486631016042781,0.6360196325621857,0.6451771030993042,0.7327500363609305,0.769138623401992,187
simplex_k64,ssl-simplex-k64-s20260903,ebhi_seg_6class,250,0.7486631016042781,0.6099962687728645,0.6111678933339081,0.729653619306489,0.8050615862516372,187
simplex_k64,ssl-simplex-k64-s20260903,ebhi_seg_6class,300,0.7593582887700535,0.6795617425936576,0.6611862657296003,0.7431760070440766,0.8041306203843662,187
simplex_k64,ssl-simplex-k64-s20260903,endometrial_4class,100,0.5518867924528302,0.5518867924528302,0.5522513922937652,0.5522513922937652,0.5408922606265125,212
simplex_k64,ssl-simplex-k64-s20260903,endometrial_4class,150,0.5188679245283019,0.5188679245283019,0.5188988095238095,0.5188988095238095,0.5746239017295227,212
simplex_k64,ssl-simplex-k64-s20260903,endometrial_4class,200,0.5566037735849056,0.5566037735849056,0.5576826384750113,0.5576826384750113,0.5627457503728086,212
simplex_k64,ssl-simplex-k64-s20260903,endometrial_4class,250,0.5471698113207547,0.5471698113207547,0.5483275898839275,0.5483275898839274,0.5887328028556555,212
simplex_k64,ssl-simplex-k64-s20260903,endometrial_4class,300,0.5471698113207547,0.5471698113207547,0.5482934916961738,0.5482934916961738,0.5737749192412529,212
simplex_k64,ssl-simplex-k64-s20260903,gashissdb_binary,100,0.865,0.865,0.864726070292342,0.8647260702923422,0.9149978749468737,200
simplex_k64,ssl-simplex-k64-s20260903,gashissdb_binary,150,0.88,0.88,0.8798919027124412,0.8798919027124412,0.95,200
simplex_k64,ssl-simplex-k64-s20260903,gashissdb_binary,200,0.905,0.905,0.9049405878674172,0.9049405878674172,0.9449986249656241,200
simplex_k64,ssl-simplex-k64-s20260903,gashissdb_binary,250,0.89,0.89,0.8899009108197378,0.8899009108197379,0.93999399939994,200
simplex_k64,ssl-simplex-k64-s20260903,gashissdb_binary,300,0.855,0.855,0.8547057792028858,0.8547057792028858,0.9299929992999301,200
simplex_k64,ssl-simplex-k64-s20260903,kather_2016,100,0.9274193548387096,0.9274193548387097,0.9273957121180485,0.9273957121180486,0.9326215785761214,496
simplex_k64,ssl-simplex-k64-s20260903,kather_2016,150,0.9375,0.9375,0.9383886344471917,0.9383886344471917,0.9335377444870069,496
simplex_k64,ssl-simplex-k64-s20260903,kather_2016,200,0.9213709677419355,0.9213709677419355,0.9207538553379165,0.9207538553379165,0.9326816397127757,496
simplex_k64,ssl-simplex-k64-s20260903,kather_2016,250,0.9415322580645161,0.9415322580645162,0.9414278914067273,0.9414278914067273,0.9331149384416502,496
simplex_k64,ssl-simplex-k64-s20260903,kather_2016,300,0.9516129032258065,0.9516129032258065,0.9522497745678227,0.9522497745678227,0.9411469283294741,496
simplex_k64,ssl-simplex-k64-s20260903,lc25000_5class,100,0.96,0.96,0.9599388767253814,0.9599388767253815,0.9719680609346465,500
simplex_k64,ssl-simplex-k64-s20260903,lc25000_5class,150,0.972,0.9719999999999999,0.9719464225837691,0.9719464225837692,0.984,500
simplex_k64,ssl-simplex-k64-s20260903,lc25000_5class,200,0.974,0.974,0.9739858413608715,0.9739858413608715,0.98599974999375,500
simplex_k64,ssl-simplex-k64-s20260903,lc25000_5class,250,0.972,0.9720000000000001,0.9719582179599738,0.971958217959974,0.9899997499937498,500
simplex_k64,ssl-simplex-k64-s20260903,lc25000_5class,300,0.968,0.968,0.9679887955182073,0.9679887955182074,0.9919967987194879,500
simplex_k64,ssl-simplex-k64-s20260903,mhist,100,0.797979797979798,0.797979797979798,0.7977941176470589,0.7977941176470589,0.7720236419926823,198
simplex_k64,ssl-simplex-k64-s20260903,mhist,150,0.7878787878787878,0.7878787878787878,0.7878787878787878,0.7878787878787878,0.7612560609558994,198
simplex_k64,ssl-simplex-k64-s20260903,mhist,200,0.7929292929292929,0.7929292929292929,0.7929240109175318,0.7929240109175317,0.8027838079427915,198
simplex_k64,ssl-simplex-k64-s20260903,mhist,250,0.8333333333333334,0.8333333333333333,0.8333290819580135,0.8333290819580134,0.787336333878887,198
simplex_k64,ssl-simplex-k64-s20260903,mhist,300,0.8282828282828283,0.8282828282828283,0.8282127181790344,0.8282127181790344,0.8026224982746721,198
simplex_k64,ssl-simplex-k64-s20260903,oral_oscc,100,0.8524590163934426,0.760845383759733,0.7800480769230769,0.8462523644388399,0.7919172932330827,122
simplex_k64,ssl-simplex-k64-s20260903,oral_oscc,150,0.819672131147541,0.7868001483129403,0.7670138888888889,0.8251195355191256,0.8287385129490392,122
simplex_k64,ssl-simplex-k64-s20260903,oral_oscc,200,0.8442622950819673,0.7910641453466816,0.7876316994961063,0.8451611934245999,0.839968774395004,122
simplex_k64,ssl-simplex-k64-s20260903,oral_oscc,250,0.8442622950819673,0.8147942157953281,0.7967201613610453,0.8482912894650961,0.810477657935285,122
simplex_k64,ssl-simplex-k64-s20260903,oral_oscc,300,0.819672131147541,0.7630700778642936,0.7568840579710145,0.8216975528629128,0.8365086397873283,122
simplex_k64,ssl-simplex-k64-s20260903,osteosarcoma_3class,100,0.4647058823529412,0.33360027179188506,0.35335315347296176,0.5071284637390632,0.57297766211234,340
simplex_k64,ssl-simplex-k64-s20260903,osteosarcoma_3class,150,0.5029411764705882,0.3590564938846826,0.360407307577119,0.5240536969504783,0.7464430751338829,340
simplex_k64,ssl-simplex-k64-s20260903,osteosarcoma_3class,200,0.5088235294117647,0.531377402446127,0.3996064660345427,0.5612419177926398,0.7449857692951616,340
simplex_k64,ssl-simplex-k64-s20260903,osteosarcoma_3class,250,0.5235294117647059,0.5428314890312561,0.4009969581002845,0.5643951583577205,0.8620237630389914,340
simplex_k64,ssl-simplex-k64-s20260903,osteosarcoma_3class,300,0.5029411764705882,0.5312803339157445,0.3883627131155753,0.5436943037162176,0.8683986019759473,340
simplex_k64,ssl-simplex-k64-s20260903,pcam_binary,100,0.81,0.81,0.8090644156366193,0.8090644156366192,0.8748466871918099,200
simplex_k64,ssl-simplex-k64-s20260903,pcam_binary,150,0.785,0.785,0.7849516141131755,0.7849516141131755,0.8526984126984127,200
simplex_k64,ssl-simplex-k64-s20260903,pcam_binary,200,0.79,0.79,0.7892412685668406,0.7892412685668407,0.8599439775910365,200
simplex_k64,ssl-simplex-k64-s20260903,pcam_binary,250,0.755,0.755,0.7489689797382104,0.7489689797382104,0.8848589522164652,200
simplex_k64,ssl-simplex-k64-s20260903,pcam_binary,300,0.7,0.7,0.6861596401297207,0.6861596401297207,0.8798919027124412,200
simplex_k64,ssl-simplex-k64-s20260903,renalcell_6class,100,0.6388888888888888,0.638888888888889,0.6335914209881991,0.6335914209881991,0.7777560631737358,324
simplex_k64,ssl-simplex-k64-s20260903,renalcell_6class,150,0.6574074074074074,0.6574074074074074,0.6499019164114624,0.6499019164114624,0.7494495832345858,324
simplex_k64,ssl-simplex-k64-s20260903,renalcell_6class,200,0.6882716049382716,0.6882716049382717,0.6771470028940597,0.6771470028940596,0.7622273892802092,324
simplex_k64,ssl-simplex-k64-s20260903,renalcell_6class,250,0.6728395061728395,0.6728395061728395,0.6627492296220511,0.6627492296220512,0.7674044439724561,324
simplex_k64,ssl-simplex-k64-s20260903,renalcell_6class,300,0.6790123456790124,0.6790123456790124,0.6661358206591597,0.6661358206591597,0.7983654192912572,324
simplex_k64,ssl-simplex-k64-s20260903,sicapv2_4class,100,0.6131578947368421,0.6131578947368421,0.5888047968421846,0.5888047968421847,0.5712756859622865,380
simplex_k64,ssl-simplex-k64-s20260903,sicapv2_4class,150,0.5815789473684211,0.581578947368421,0.5862366799620261,0.5862366799620262,0.6457698478876086,380
simplex_k64,ssl-simplex-k64-s20260903,sicapv2_4class,200,0.531578947368421,0.531578947368421,0.5341578319511484,0.5341578319511484,0.6479215305714245,380
simplex_k64,ssl-simplex-k64-s20260903,sicapv2_4class,250,0.5526315789473685,0.5526315789473685,0.5399481008876339,0.5399481008876338,0.6264439342051832,380
simplex_k64,ssl-simplex-k64-s20260903,sicapv2_4class,300,0.5368421052631579,0.5368421052631579,0.5173630142926524,0.5173630142926525,0.6346125017776602,380
simplex_k64,ssl-simplex-k64-s20260903,wsss4luad_3class,100,0.85,0.8500000000000001,0.8495420291016956,0.8495420291016955,0.9535055750791791,300
simplex_k64,ssl-simplex-k64-s20260903,wsss4luad_3class,150,0.8266666666666667,0.8266666666666667,0.8262573804460741,0.826257380446074,0.9631728546290746,300
simplex_k64,ssl-simplex-k64-s20260903,wsss4luad_3class,200,0.8733333333333333,0.8733333333333334,0.8736092286376916,0.8736092286376915,0.9401319195875825,300
simplex_k64,ssl-simplex-k64-s20260903,wsss4luad_3class,250,0.85,0.85,0.849307998424491,0.849307998424491,0.9500064246332118,300
simplex_k64,ssl-simplex-k64-s20260903,wsss4luad_3class,300,0.8766666666666667,0.8766666666666666,0.8764729711633358,0.876472971163336,0.9434914756614287,300
