method,dataset,epoch,image_candidates,unique_caption_candidates,i2t_mean_recall,i2t_r@1,i2t_r@10,i2t_r@5,overall_mean_recall,t2i_mean_recall,t2i_r@1,t2i_r@10,t2i_r@5,chance_mean_recall,learning_rate,weight_decay,selected_head_epoch,head_epochs_run,validation_mean_recall,token_collisions,evaluation_protocol_version
lejepa,arch,100,700,582,0.09333333333333332,0.027142857142857142,0.15428571428571428,0.09857142857142857,0.10079037800687285,0.10824742268041238,0.029209621993127148,0.18041237113402062,0.11512027491408934,0.009151199763012652,0.001,0.0,11,19,0.11752162664726332,0,caption_aware_v2_20261006
simplex_sigreg_lejepa,arch,100,700,582,0.10952380952380952,0.03857142857142857,0.18571428571428572,0.10428571428571429,0.10573555882834235,0.10194730813287516,0.02577319587628866,0.17010309278350516,0.10996563573883161,0.009151199763012652,0.0005,0.0,21,29,0.12353262187727382,0,caption_aware_v2_20261006
lejepa,arch,150,700,582,0.09904761904761905,0.02857142857142857,0.16714285714285715,0.10142857142857142,0.10880216003927345,0.11855670103092784,0.03264604810996564,0.19759450171821305,0.1254295532646048,0.009151199763012652,0.001,0.0,8,16,0.12330827067669173,0,caption_aware_v2_20261006
simplex_sigreg_lejepa,arch,150,700,582,0.10047619047619048,0.027142857142857142,0.1757142857142857,0.09857142857142857,0.10951644575355916,0.11855670103092784,0.03608247422680412,0.1958762886597938,0.12371134020618557,0.009151199763012652,0.0005,0.0,9,17,0.11478171234537957,0,caption_aware_v2_20261006
lejepa,arch,200,700,582,0.11523809523809524,0.03142857142857143,0.19857142857142857,0.11571428571428571,0.11861561119293078,0.12199312714776632,0.037800687285223365,0.20103092783505155,0.12714776632302405,0.009151199763012652,0.001,0.0,9,17,0.12935403023688252,0,caption_aware_v2_20261006
simplex_sigreg_lejepa,arch,200,700,582,0.12333333333333334,0.027142857142857142,0.21428571428571427,0.12857142857142856,0.12438144329896908,0.1254295532646048,0.030927835051546393,0.21305841924398625,0.1323024054982818,0.009151199763012652,0.0005,0.0,27,35,0.13740439809200422,0,caption_aware_v2_20261006
lejepa,arch,250,700,582,0.13142857142857142,0.045714285714285714,0.2057142857142857,0.14285714285714285,0.12699721813123876,0.12256586483390608,0.03951890034364261,0.20446735395189003,0.12371134020618557,0.009151199763012652,0.001,0.0,16,24,0.14773587193790927,0,caption_aware_v2_20261006
simplex_sigreg_lejepa,arch,250,700,582,0.10999999999999999,0.03,0.18,0.12,0.11943298969072165,0.1288659793814433,0.041237113402061855,0.21649484536082475,0.12886597938144329,0.009151199763012652,0.001,0.0,15,23,0.14508569811625838,0,caption_aware_v2_20261006
lejepa,arch,300,700,582,0.13142857142857142,0.045714285714285714,0.20714285714285716,0.14142857142857143,0.12928816887579775,0.12714776632302405,0.03951890034364261,0.211340206185567,0.13058419243986255,0.009151199763012652,0.001,0.0,16,24,0.14664888026517908,0,caption_aware_v2_20261006
simplex_sigreg_lejepa,arch,300,700,582,0.12666666666666668,0.041428571428571426,0.20285714285714285,0.1357142857142857,0.13120274914089347,0.13573883161512026,0.0429553264604811,0.22508591065292097,0.13917525773195877,0.009151199763012652,0.001,0.0,19,27,0.14715619694397283,0,caption_aware_v2_20261006
lejepa,ipath,100,700,426,0.08,0.025714285714285714,0.13142857142857142,0.08285714285714285,0.08460093896713616,0.08920187793427231,0.03286384976525822,0.1431924882629108,0.09154929577464789,0.012471580222209122,0.001,0.0,9,17,0.07834733893557423,0,caption_aware_v2_20261006
simplex_sigreg_lejepa,ipath,100,700,426,0.08238095238095237,0.022857142857142857,0.13857142857142857,0.08571428571428572,0.08227028839704896,0.08215962441314555,0.025821596244131457,0.13615023474178403,0.08450704225352113,0.012471580222209122,0.0005,0.0,20,28,0.08413165266106443,0,caption_aware_v2_20261006
lejepa,ipath,150,700,426,0.08761904761904761,0.02,0.15571428571428572,0.08714285714285715,0.09388777107086965,0.10015649452269171,0.035211267605633804,0.1572769953051643,0.107981220657277,0.012471580222209122,0.001,0.0,16,24,0.08953781512605043,0,caption_aware_v2_20261006
simplex_sigreg_lejepa,ipath,150,700,426,0.07238095238095238,0.018571428571428572,0.12714285714285714,0.07142857142857142,0.07022803487592219,0.06807511737089202,0.01643192488262911,0.11971830985915492,0.06807511737089202,0.012471580222209122,0.001,0.0,16,24,0.08596638655462185,0,caption_aware_v2_20261006
lejepa,ipath,200,700,426,0.08285714285714285,0.025714285714285714,0.13142857142857142,0.09142857142857143,0.0879856919293539,0.09311424100156494,0.025821596244131457,0.1572769953051643,0.09624413145539906,0.012471580222209122,0.001,0.0,7,15,0.08484593837535014,0,caption_aware_v2_20261006
simplex_sigreg_lejepa,ipath,200,700,426,0.07238095238095238,0.024285714285714285,0.12285714285714286,0.07,0.07883523362396602,0.08528951486697967,0.014084507042253521,0.15023474178403756,0.09154929577464789,0.012471580222209122,0.001,0.0,31,39,0.09813725490196079,0,caption_aware_v2_20261006
lejepa,ipath,250,700,426,0.09476190476190476,0.03571428571428571,0.1457142857142857,0.10285714285714286,0.10019785378940309,0.10563380281690142,0.03286384976525822,0.17370892018779344,0.11032863849765258,0.012471580222209122,0.001,0.0,9,17,0.08358543417366947,0,caption_aware_v2_20261006
simplex_sigreg_lejepa,ipath,250,700,426,0.08285714285714287,0.022857142857142857,0.1457142857142857,0.08,0.08602951039570758,0.0892018779342723,0.01643192488262911,0.15023474178403756,0.10093896713615023,0.012471580222209122,0.001,0.0,16,24,0.09408963585434174,0,caption_aware_v2_20261006
lejepa,ipath,300,700,426,0.09476190476190476,0.03142857142857143,0.15428571428571428,0.09857142857142857,0.09863290856248602,0.10250391236306729,0.028169014084507043,0.16901408450704225,0.11032863849765258,0.012471580222209122,0.001,0.0,7,15,0.08589635854341737,0,caption_aware_v2_20261006
simplex_sigreg_lejepa,ipath,300,700,426,0.08428571428571428,0.02,0.1457142857142857,0.08714285714285715,0.08361390565615917,0.08294209702660406,0.028169014084507043,0.13380281690140844,0.08685446009389672,0.012471580222209122,0.001,0.0,25,33,0.10235294117647059,0,caption_aware_v2_20261006
