epoch,prediction,learning_rate,weight_decay,ema_momentum,seconds,samples,samples_per_second,mean_context_tokens,mean_tokens_per_target,peak_gpu_memory_gib
1,0.4728024119539301,3.3333333333333337e-06,0.0400095547404416,0.9960001061637827,2.8670966820000103,7901,2755.7494135455777,17.069231742817365,11.07657258574864,4.218265533447266
2,0.34170711260402586,6.6666666666666675e-06,0.040038847016218126,0.9960004316335135,2.5577706740000394,7901,3089.0181361113996,18.65105682824959,10.8821668143273,4.218387603759766
3,0.26470286715122704,1e-05,0.04008787618256704,0.9960009764020286,2.5073705849999897,7901,3151.109790976523,17.017719276041007,10.911656752309835,4.46234130859375
4,0.2033634316244543,1.3333333333333335e-05,0.040156636862309636,0.9960017404095812,2.5510038419997727,7901,3097.212113097517,18.44171623845083,10.879255790406278,4.46612548828125
5,0.1517613679840133,1.6666666666666667e-05,0.040245121514251525,0.9960027235723806,2.5464940679999017,7901,3102.6971942666646,18.089862042779394,10.979369700037969,4.215641021728516
6,0.117414769832431,2e-05,0.04035332043401019,0.9960039257826001,2.567717731000357,7901,3077.0516184899534,19.494747500316414,10.782052904695608,4.215030670166016
7,0.10050544503794759,2.3333333333333332e-05,0.04048122175507879,0.9960053469083897,2.5286881460001496,7901,3124.54503830285,17.566890267054802,10.976458676116946,4.4696044921875
8,0.09185304213963555,2.666666666666667e-05,0.040628811450127866,0.9960069867938903,2.5256522639997456,7901,3128.300800794957,17.377040880901152,10.914567776230857,4.4603271484375
9,0.08532618096249418,3e-05,0.040796073332543814,0.9960088452592505,2.538263778000328,7901,3112.757652880543,19.013289457030755,10.736362485761296,4.216861724853516
10,0.08160580939947691,3.3333333333333335e-05,0.04098298905820391,0.9960109221006467,2.53940003300022,7901,3111.364848910875,17.53322364257689,10.8821668143273,4.215396881103516
11,0.07811380695156049,3.6666666666666666e-05,0.04118953812748827,0.9960132170903054,2.5877550909999627,7901,3053.225565077292,19.645108214150106,10.78496392861663,4.216861724853516
12,0.0776943295068144,4e-05,0.04141569788752825,0.9960157299765281,2.5497243949998847,7901,3098.7662884248152,18.182508543222376,10.846854828502721,4.216861724853516
13,0.07569691596333249,4.3333333333333334e-05,0.04166144353469042,0.9960184604837188,2.52708101799999,7901,3126.5321308349253,19.547905328439438,10.541956714339957,4.216861724853516
14,0.0768688601861195,4.6666666666666665e-05,0.04192674811729752,0.9960214083124144,2.519168996999724,7901,3136.3517133665587,18.332869257056068,10.833565371471966,4.215152740478516
15,0.07626085609872799,5e-05,0.04221158253858376,0.9960245731393176,2.541719813000327,7901,3108.5251645709163,18.71712441463106,10.701050499936716,4.215641021728516
16,0.0780842440265777,5.333333333333334e-05,0.04251591555988615,0.9960279546173321,2.5473876029996063,7901,3101.608875970188,18.68927983799519,10.865966333375521,4.452045440673828
17,0.07888173737804009,5.666666666666667e-05,0.042839713804070534,0.9960315523756008,2.5329024319999007,7901,3119.346367306228,19.574231109986076,10.397671180863181,4.46966552734375
18,0.08096065434088905,6e-05,0.043182941759192184,0.9960353660195466,2.568574627000089,7901,3076.025090704801,18.624477914188077,10.833565371471966,4.216861724853516
19,0.08384764519066407,6.333333333333333e-05,0.04354556178239066,0.9960393951309154,2.5487844220001534,7901,3099.9090907028167,18.845462599670928,10.622959119098848,4.216861724853516
20,0.08528798613204577,6.666666666666667e-05,0.04392753410401784,0.9960436392678225,2.5038073739997344,7901,3155.594189092295,17.453486900392356,10.846854828502721,4.215396881103516
21,0.08401199582992,7.000000000000001e-05,0.044328816831999796,0.9960480979648,2.5383583179996094,7901,3112.6417196396837,19.29907606632072,10.60675863814707,4.46807861328125
22,0.08511411839686622,7.333333333333333e-05,0.044749365956431364,0.9960527707328493,2.525711061000038,7901,3128.2279758760897,17.95570180989748,10.733451461840273,4.4678955078125
23,0.08321433024849413,7.666666666666667e-05,0.045189135354402554,0.9960576570594933,2.550358025999685,7901,3097.996406564517,17.701050499936716,11.07657258574864,4.215641021728516
24,0.08187397666357542,8e-05,0.045648076795057335,0.996062756408834,2.537835955999981,7901,3113.2823937340654,18.605366409315277,10.830654347550944,4.4696044921875
25,0.0814738130050058,8.333333333333333e-05,0.04612613994488268,0.9960680682216098,2.4967049350002526,7901,3164.57098683918,18.381470699911404,10.78496392861663,4.216800689697266
26,0.08319748383698591,8.666666666666667e-05,0.04662327237322972,0.9960735919152581,2.5173513029999413,7901,3138.616366569233,17.749651942792052,10.979369700037969,4.215152740478516
27,0.08168191580534917,9e-05,0.047139419558062945,0.9960793268839785,2.5491769289997137,7901,3099.4317852626727,18.862928743197063,10.701050499936716,4.215396881103516
28,0.0783562025545881,9.333333333333333e-05,0.04767452489194052,0.9960852724987993,2.5240566060001584,7901,3130.278449864331,19.952917352233893,10.428553347677509,4.46807861328125
29,0.07978822232526159,9.666666666666668e-05,0.04822852968822233,0.996091428107647,2.557373994000045,7901,3089.497280623344,17.809897481331475,10.879255790406278,4.46807861328125
30,0.08029695309263862,0.0001,0.048801373187506436,0.9960977930354168,2.55956407199983,7901,3086.8537679647993,17.279837995190483,10.963169219086192,4.459228515625
31,0.07841249946313876,9.999675607461392e-05,0.04939299256429247,0.9961043665840477,2.554355900000246,7901,3093.14766982911,18.78648272370586,10.671560561954182,4.47198486328125
32,0.07991160782224513,9.998681115190574e-05,0.050003322933872385,0.9961111480325986,2.5973577780000596,7901,3041.937490061032,18.668522971775726,10.992659157068726,4.215702056884766
33,0.07867662006428748,9.997016570662151e-05,0.050632297359445966,0.9961181366373272,2.5371858450002946,7901,3114.0801197395467,18.673079357043413,10.736362485761296,4.216861724853516
34,0.08254236270884685,9.994682199255739e-05,0.05127984685946252,0.9961253316317717,2.582519994999984,7901,3059.4148410456155,16.680420199974687,11.319579800025313,4.215702056884766
35,0.0808883323792098,9.991678317045618e-05,0.051945900415185986,0.9961327322268354,2.5704257109996433,7901,3073.8099009005346,18.764460194912036,10.865966333375521,4.4603271484375
36,0.08220049384979036,9.988005330757945e-05,0.05263038497848388,0.9961403376108721,2.522988800999883,7901,3131.603278171018,17.895456271358057,10.78496392861663,4.216861724853516
37,0.08249679502392551,9.983663737715682e-05,0.05333322547983865,0.9961481469497759,2.56868459899988,7901,3075.893398152604,17.939501328945703,10.895456271358055,4.215641021728516
38,0.08323449488324224,9.978654125771261e-05,0.054054344836581,0.9961561593870731,2.5279648480000105,7901,3125.439029047752,18.78648272370586,10.768763447664853,4.4588623046875
39,0.08377207646097146,9.972977173226982e-05,0.054793663961343386,0.9961643740440149,2.5532417419999547,7901,3094.4974265582646,17.328439438045816,10.914567776230857,4.46051025390625
40,0.08525222074723729,9.96663364874318e-05,0.05555110177073408,0.9961727900196748,2.5448844990000907,7901,3104.65956435523,17.94405771421339,10.979369700037969,4.215030670166016
41,0.08472324754354879,9.959624411234136e-05,0.05632657519422973,0.996181406391047,2.5496800000000803,7901,3098.820244108967,18.894064042526264,10.639159600050627,4.215396881103516
42,0.08802097870034366,9.951950409751795e-05,0.05711999918328603,0.9961902222131476,2.538595344999976,7901,3112.351094301748,17.290216428300216,10.979369700037969,4.216861724853516
43,0.0876101052824447,9.94361268335725e-05,0.057931286720665054,0.9961992365191185,2.5558930910001436,7901,3091.2873577620057,16.967472471839006,10.944057714213391,4.215396881103516
44,0.09021319614914516,9.93461236098006e-05,0.05876034882997905,0.9962084483203331,2.514919387000191,7901,3141.6513948084653,16.547905328439438,11.04126059992406,4.215152740478516
45,0.08833088252517547,9.924950661265395e-05,0.059607094585448384,0.996217856606505,2.5240059709999514,7901,3130.3412475168634,17.89089988609037,10.652449057081382,4.215152740478516
46,0.08753982681199698,9.914628892409025e-05,0.060471431121873864,0.9962274603457986,2.556660563999685,7901,3090.3593974319124,18.7158587520567,10.752562966713075,4.468994140625
47,0.08843225884110908,9.903648451980193e-05,0.061353263644821576,0.9962372584849425,2.5762576440001794,7901,3066.851647544088,19.00746740918871,10.865966333375521,4.46807861328125
48,0.08817255037175811,9.892010826732384e-05,0.06225249544101896,0.9962472499493447,2.618111341999793,7901,3017.8242893080997,19.446146057461082,10.944057714213391,4.216861724853516
49,0.08932518310266845,9.879717592402022e-05,0.06316902788896223,0.9962574336432107,2.560563337000076,7901,3085.649117063713,19.499303885584105,10.639159600050627,4.216861724853516
50,0.09427492787695854,9.86677041349511e-05,0.0641027604697319,0.9962678084496637,2.546184207999886,7901,3103.074779576338,17.603847614226048,10.8821668143273,4.215396881103516
51,0.09295714884306144,9.853171043061849e-05,0.06505359077801737,0.9962783732308669,2.530656664000162,7901,3122.1145532681767,19.36514365270219,10.539045690418934,4.468994140625
52,0.09670422078895201,9.838921322459295e-05,0.06602141453334798,0.9962891268281483,2.5404452259999744,7901,3110.084767480076,17.231236552335147,11.011770661941526,4.459228515625
53,0.09508486832150809,9.824023181102019e-05,0.06700612559152952,0.9963000680621281,2.590463808000095,7901,3050.032961510385,18.5891659283635,10.927857233261612,4.215702056884766
54,0.09922476522006833,9.808478636200873e-05,0.06800761595628568,0.9963111957328477,2.5570080279999274,7901,3089.9394579453483,18.089862042779394,10.963169219086192,4.215702056884766
55,0.10094759367908983,9.79228979248986e-05,0.06902577579110236,0.9963225086199011,2.5201414240000304,7901,3135.1415141850803,17.11327680040501,10.944057714213391,4.215396881103516
56,0.09941574507175466,9.775458841941145e-05,0.07006049343127341,0.9963340054825697,2.560990522999873,7901,3085.1344153921304,18.10315149981015,10.749651942792052,4.215702056884766
57,0.1038803365338514,9.757988063468275e-05,0.07111165539614772,0.9963456850599572,2.580001535000065,7901,3062.4012787650536,17.550689786103025,11.13846348563473,4.215641021728516
58,0.10425397767200302,9.739879822617599e-05,0.07217914640157447,0.9963575460711286,2.5598500240002977,7901,3086.508946197186,17.76585242374383,10.963169219086192,4.46807861328125
59,0.10489646040884819,9.721136571247983e-05,0.07326284937254723,0.9963695872152505,2.518059763999645,7901,3137.7333107655004,18.310846728262245,10.687761042905962,4.216861724853516
60,0.10485649566332188,9.701760847198826e-05,0.0743626454560436,0.9963818071717339,2.5940541489999305,7901,3045.811515941571,18.148841918744463,10.898367295279078,4.46966552734375
61,0.1067256979581118,9.681755273946427e-05,0.07547841403406019,0.9963942046003784,2.5377222879997134,7901,3113.4218418469013,17.779141880774585,10.976458676116946,4.46978759765625
62,0.10758033008375374,9.661122560248782e-05,0.07661003273684125,0.9964067781415205,2.554152114000317,7901,3093.394460216953,17.581825085432225,10.8821668143273,4.215396881103516
63,0.10971832843731964,9.639865499778804e-05,0.07775737745629946,0.9964195264161811,2.54638887100009,7901,3102.825373603245,17.66573851411214,10.895456271358055,4.216861724853516
64,0.1091610756492316,9.617986970746067e-05,0.07892032235962687,0.9964324480262181,2.5338273080001272,7901,3118.207770140428,17.895456271358057,10.833565371471966,4.215030670166016
65,0.11231407492036473,9.595489935507091e-05,0.0800987399030959,0.9964455415544788,2.5490858530001788,7901,3099.5425245096467,17.57144665232249,10.865966333375521,4.468994140625
66,0.1094495720869981,9.572377440164241e-05,0.08129250084604694,0.996458805564956,2.573743940999975,7901,3069.846954911229,19.304898114162764,10.622959119098848,4.215396881103516
67,0.11176345402787659,9.548652614153283e-05,0.08250147426506282,0.9964722386029451,2.5238096200000655,7901,3130.5847863436684,18.71712441463106,10.555246171370712,4.216861724853516
68,0.11178297543262412,9.524318669819665e-05,0.08372552756832763,0.9964858391952036,2.5314253510000526,7901,3121.1664988970224,18.5389191241615,10.620048095177825,4.4600830078125
69,0.11599166004616404,9.49937890198355e-05,0.08496452651016828,0.996499605850113,2.5203234609998617,7901,3134.9150703320906,18.117706619415262,10.814453866599164,4.46966552734375
70,0.11698919888305266,9.47383668749371e-05,0.08621833520577787,0.996513537057842,2.5711748809999335,7901,3072.91427681002,17.566890267054802,10.927857233261612,4.46685791015625
71,0.1163144591559701,9.447695484770295e-05,0.08748681614611836,0.9965276312905125,2.5630339350000213,7901,3082.674752021937,18.673079357043413,10.78496392861663,4.215396881103516
72,0.11285500555811856,9.42095883333656e-05,0.08876983021300178,0.9965418870023667,2.5492394379998586,7901,3099.3557851902488,20.228325528414125,10.493355271484623,4.215396881103516
73,0.11912906199312712,9.393630353339624e-05,0.09006723669434769,0.9965563026299372,2.5669002849999742,7901,3078.0315254825255,18.592076952284522,10.768763447664853,4.46807861328125
74,0.11734259117820446,9.365713745060281e-05,0.09137889329961535,0.996570876592218,2.55030322399989,7901,3098.06297762824,18.636122009872167,10.636248576129605,4.4609375
75,0.12061931793938074,9.337212788412004e-05,0.09270465617540957,0.9965856072908379,2.591074813000432,7901,3049.313728942755,17.500822680673334,11.108973547652196,4.459228515625
76,0.11986808887525022,9.30813134242913e-05,0.09404437992125703,0.9966004931102362,2.5819243070000084,7901,3060.120693150891,18.284267814200735,10.8821668143273,4.215396881103516
77,0.11871272095708572,9.278473344744348e-05,0.09539791760555316,0.9966155324178395,2.534986909000054,7901,3116.7813813747125,18.9115301860524,10.458043285660043,4.216861724853516
78,0.1199138044609388,9.248242811055548e-05,0.09676512078167637,0.9966307235642409,2.5330858180000178,7901,3119.120538220922,19.478547019364637,10.522845209467157,4.468994140625
79,0.12335669824992866,9.217443834582088e-05,0.09814583950426908,0.9966460648833808,2.5356080349997683,7901,3116.0178903600618,17.57144665232249,10.963169219086192,4.46685791015625
80,0.11972690677208292,9.186080585510581e-05,0.09953992234568193,0.9966615546927298,2.576850166999975,7901,3066.146453209779,20.131122642703456,10.639159600050627,4.215702056884766
81,0.12548199351822753,9.154157310430233e-05,0.10094721641258203,0.9966771912934731,2.5186172399999123,7901,3137.0387983210485,17.064675357549678,10.749651942792052,4.215702056884766
82,0.12183576014230951,9.121678331757881e-05,0.10236756736272073,0.9966929729706969,2.584867433999989,7901,3056.636443352721,19.175294266548537,10.720162004809518,4.46978759765625
83,0.12294490959218538,9.088648047152714e-05,0.1038008194218612,0.9967088979935762,2.571897578000062,7901,3072.0507953290703,19.126692823693205,10.720162004809518,4.4609375
84,0.12271046751459223,9.055070928920835e-05,0.1052468154008625,0.9967249646155651,2.5680940459997146,7901,3076.600723523845,18.376914314643717,10.749651942792052,4.216861724853516
85,0.1271287967790276,9.020951523409717e-05,0.10670539671291873,0.9967411710745879,2.5770962419996977,7901,3065.8536810675023,18.300468295152513,10.865966333375521,4.4603271484375
86,0.1254055675841965,8.986294450392622e-05,0.1081764033909523,0.9967575155932328,2.5283740959998795,7901,3124.933138850026,18.474117200354385,10.684850018984939,4.215641021728516
87,0.12880414867684775,8.951104402443078e-05,0.10965967410515753,0.9967739963789461,2.5397078709997913,7901,3110.9877203670912,17.620048095177825,10.914567776230857,4.46807861328125
88,0.13227435689027695,8.915386144299515e-05,0.11115504618069433,0.9967906116242299,2.507792919000167,7901,3150.579116855491,16.680420199974687,10.8821668143273,4.215396881103516
89,0.1284657417237947,8.879144512220109e-05,0.11266235561552934,0.9968073595068392,2.524211221999849,7901,3130.086710311152,18.133907100367043,10.587647133274269,4.215396881103516
90,0.12888765857500634,8.842384413327956e-05,0.11418143709842243,0.9968242381899824,2.5508463920000395,7901,3097.4032873085202,18.39476015694216,10.846854828502721,4.215396881103516
91,0.13200135342517452,8.805110824946645e-05,0.115712124027057,0.9968412458225229,2.583742859999802,7901,3057.966844270488,17.58309074800658,11.05746108087584,4.46807861328125
92,0.13239484520245015,8.767328793926329e-05,0.11725424852631144,0.9968583805391812,2.542885517999821,7901,3107.100160063343,17.59929122895836,10.846854828502721,4.215396881103516
93,0.1295258262903234,8.729043435960381e-05,0.11880764146667117,0.9968756404607408,2.6121703349999734,7901,3024.687898080766,18.11935198076193,11.025060118972283,4.4691162109375
94,0.12881514508691622,8.690259934892726e-05,0.12037213248277673,0.996893023694253,2.5510096069997417,7901,3097.2051137402086,19.79091254271611,10.541956714339957,4.215396881103516
95,0.13254909884807445,8.650983542015949e-05,0.12194754999210905,0.9969105283332457,2.587349047000316,7901,3053.7047211160584,18.673079357043413,10.979369700037969,4.216861724853516
96,0.13125877200976277,8.61121957536027e-05,0.1235337212138069,0.9969281524579312,2.5828992219999236,7901,3058.96565096423,18.818883685609418,10.8821668143273,4.216861724853516
97,0.134684739798711,8.570973418973482e-05,0.12513047218761653,0.996945894135418,2.554761475000305,7901,3092.656624626398,17.210479686115683,10.846854828502721,4.215396881103516
98,0.1329241423305266,8.530250522191947e-05,0.12673762779297054,0.9969637514199219,2.5479372029999467,7901,3100.939846828778,18.381470699911404,10.930768257182635,4.215152740478516
99,0.13387276834814538,8.489056398902754e-05,0.12835501176819353,0.9969817223529799,2.5563732659998095,7901,3090.7067074611587,18.39767118086318,10.622959119098848,4.46026611328125
100,0.1349750599511408,8.447396626797144e-05,0.1299824467298336,0.9969998049636648,2.563330373000099,7901,3082.3182541050064,17.568535628401467,11.04126059992406,4.215030670166016
101,0.13441288458397233,8.405276846615291e-05,0.1316197541921164,0.9970179972688012,2.579361463999703,7901,3063.1612165548386,19.382989495000633,10.782052904695608,4.46929931640625
102,0.13868291468020408,8.36270276138253e-05,0.13326675458652004,0.9970362972731835,2.521940531999917,7901,3132.9049593942846,17.161878243260347,10.944057714213391,4.215702056884766
103,0.13858328448294266,8.319680135637188e-05,0.1349232672814693,0.9970547029697941,2.5409751479996885,7901,3109.4361573035617,17.646627009239335,11.011770661941526,4.46051025390625
104,0.1393836576719327,8.27621479465004e-05,0.13658911060214574,0.9970732123400239,2.5485054689997924,7901,3100.2483989570924,17.98810277180104,10.944057714213391,4.215396881103516
105,0.14016758985963595,8.232312623635589e-05,0.1382641018504126,0.9970918233538935,2.549271200000021,7901,3099.3171695502365,18.004303252752816,10.879255790406278,4.468994140625
106,0.13769940367311997,8.187979566955194e-05,0.139948057324852,0.9971105339702762,2.566271054000026,7901,3078.786236428445,18.540564485508163,10.846854828502721,4.46966552734375
107,0.13994105473875532,8.143221627312207e-05,0.14164079234091187,0.9971293421371212,2.57295577900004,7901,3070.787327355725,18.42551575749905,10.798253385647387,4.215702056884766
108,0.13976007496563034,8.098044864939205e-05,0.14334212125116091,0.9971482457916796,2.5200897119998444,7901,3135.205846989501,17.550689786103025,10.652449057081382,4.215396881103516
109,0.14393125368837856,8.052455396777431e-05,0.14505185746564925,0.9971672428607294,2.5639542509998137,7901,3081.5682444095896,17.360840399949375,10.930768257182635,4.215152740478516
110,0.14272265820288382,8.006459395648564e-05,0.14676981347237206,0.9971863312608041,2.580871421000211,7901,3061.369092512941,17.519934185546134,11.04126059992406,4.215702056884766
111,0.14307228326722046,7.960063089418913e-05,0.1484958008578347,0.9972055088984204,2.549696893000146,7901,3098.7997128957354,17.842298443235034,10.798253385647387,4.215702056884766
112,0.13792088460811344,7.913272760156166e-05,0.15022963032771697,0.9972247736703079,2.5994496270000127,7901,3039.489558841127,19.154537400329072,10.846854828502721,4.215702056884766
113,0.1465915424369465,7.866094743278798e-05,0.15197111172763295,0.9972441234636403,2.539735013000154,7901,3110.9544734222713,16.0,11.222376914314644,4.215396881103516
114,0.14103304064133518,7.81853542669825e-05,0.1537200540639862,0.9972635561562665,2.5448816109997097,7901,3104.6630876067507,19.013289457030755,10.493355271484623,4.215030670166016
115,0.14465396904580247,7.770601249954009e-05,0.1554762655249166,0.9972830696169435,2.569845077000082,7901,3074.5044013405127,17.65244905708138,11.07657258574864,4.215396881103516
116,0.14246840116332987,7.722298703341689e-05,0.15723955350133678,0.9973026617055704,2.592808948000311,7901,3047.274272211071,18.9115301860524,10.879255790406278,4.216861724853516
117,0.1457858027864628,7.673634327034247e-05,0.15900972460805643,0.9973223302734229,2.597999508000157,7901,3041.1861032575384,18.054550056954817,11.13846348563473,4.215702056884766
118,0.1453282900334702,7.624614710196445e-05,0.16078658470499108,0.9973420731633887,2.5359278010000708,7901,3115.6249783152953,17.57144665232249,10.720162004809518,4.4600830078125
119,0.14560070809096176,7.575246490092668e-05,0.16256993891845428,0.997361888210205,2.5727925850001157,7901,3070.982109504037,17.71433995696747,10.944057714213391,4.215030670166016
120,0.14913853325318452,7.525536351188244e-05,0.16435959166253,0.9973817732406948,2.5391723810002986,7901,3111.643801389895,17.166434628528034,10.930768257182635,4.215030670166016
121,0.14612529154948503,7.475491024244364e-05,0.166155346660523,0.9974017260740058,2.5698602630000096,7901,3074.4862332617695,18.182508543222376,10.944057714213391,4.216861724853516
122,0.14416676817808163,7.425117285406741e-05,0.16795700696648533,0.9974217445218498,2.5604482049998296,7901,3085.7878650197204,19.07809138083787,10.720162004809518,4.45904541015625
123,0.14591051302232586,7.374421955288103e-05,0.16976437498681562,0.9974418263887423,2.575104127999566,7901,3068.2254414844892,17.907100367042148,10.830654347550944,4.460205078125
124,0.1483470336962555,7.323411898044702e-05,0.17157725250193012,0.9974619694722436,2.5687955059997876,7901,3075.760597348481,18.376914314643717,10.749651942792052,4.215702056884766
125,0.14423769468024566,7.27209402044689e-05,0.17339544068800175,0.9974821715632001,2.593103873000018,7901,3046.9276924333776,19.851158081255537,10.684850018984939,4.46685791015625
126,0.1498794436903637,7.220475270943948e-05,0.17521874013876626,0.9975024304459863,2.5765792689999216,7901,3066.4688236301417,18.041260599924062,10.979369700037969,4.215641021728516
127,0.14642037323020315,7.168562638723265e-05,0.17704695088739095,0.9975227438987487,2.575544880000052,7901,3067.700377249819,19.32109859511454,10.817364890520187,4.4603271484375
128,0.15372681026857965,7.116363152764002e-05,0.1788798724284063,0.997543109693649,2.5838814969997657,7901,3057.8027704343735,17.43602075686622,11.15757499050753,4.215702056884766
129,0.15099633487436293,7.063883880885356e-05,0.18071730373969566,0.9975635255971077,2.518888521000008,7901,3136.700943344358,18.86748512846475,10.639159600050627,4.216861724853516
130,0.15631290912673437,7.011131928789593e-05,0.18255904330454212,0.9975839893700504,2.525608243000079,7901,3128.3553266419053,16.55081635236046,11.108973547652196,4.46954345703125
131,0.14921145280121761,6.958114439099925e-05,0.18440488913372935,0.9976044987681525,2.619372163999742,7901,3016.3716743233963,19.175294266548537,10.865966333375521,4.47198486328125
132,0.15020558933391856,6.904838590393394e-05,0.18625463878769444,0.9976250515420855,2.567304998000054,7901,3077.546300947852,17.798253385647385,10.8821668143273,4.216861724853516
133,0.1499067265660593,6.851311596228902e-05,0.18810808939873025,0.9976456454377637,2.5826082249996034,7901,3059.310321836063,19.478547019364637,10.76585242374383,4.47198486328125
134,0.15407944690832653,6.797540704170485e-05,0.189965037693234,0.9976662781965915,2.576232590000018,7901,3066.8814728409075,18.896975066447286,10.684850018984939,4.460205078125
135,0.15571832220443607,6.743533194805999e-05,0.19182528001400162,0.9976869475557111,2.5362909109999237,7901,3115.1789275170563,17.47424376661182,10.720162004809518,4.46954345703125
136,0.15673366635981248,6.689296380761317e-05,0.19368861234256285,0.9977076512482507,2.5857384969999657,7901,3055.606748001364,17.458043285660043,11.060372104796862,4.215030670166016
137,0.15183969555874594,6.63483760571021e-05,0.195554830321557,0.9977283870035728,2.5930519329999697,7901,3046.9887237696494,19.154537400329072,10.684850018984939,4.215396881103516
138,0.15437888796609228,6.580164243380003e-05,0.19742372927714505,0.9977491525475238,2.575771412999984,7901,3067.4305802616846,18.26515630932793,10.733451461840273,4.4691162109375
139,0.15249738795570808,6.525283696553177e-05,0.19929510424145716,0.9977699456026828,2.594989931999862,7901,3044.71316153084,18.958865966333377,10.817364890520187,4.4691162109375
140,0.1587747959977629,6.47020339606503e-05,0.20116874997507214,0.9977907638886119,2.5051819489999616,7901,3153.8627376562345,17.085432223769143,10.865966333375521,4.46038818359375
141,0.15997874372036544,6.414930799797535e-05,0.20304446098952647,0.9978116051221059,2.59694813599981,7901,3042.4173245793995,17.21503607138337,11.222376914314644,4.215641021728516
142,0.15494644232051855,6.359473391669548e-05,0.20492203156985095,0.9978324670174428,2.5633282989997497,7901,3082.320748022441,19.013289457030755,10.720162004809518,4.216861724853516
143,0.15864754001138603,6.303838680623484e-05,0.2068012557971322,0.9978533472866348,2.5719480279999516,7901,3071.9905355724195,17.387419314010884,11.027971142893305,4.215152740478516
144,0.15711171302504515,6.248034199608602e-05,0.20868192757109616,0.9978742436396788,2.576342163999925,7901,3066.751035791467,18.13846348563473,10.8821668143273,4.216861724853516
145,0.15649632500208052,6.192067504561042e-05,0.21056384063271205,0.9978951537848079,2.565408492000188,7901,3079.821410367196,18.916086571320086,10.78496392861663,4.216861724853516
146,0.15643530568055392,6.135946173380754e-05,0.21244678858681312,0.9979160754287424,2.558744696999838,7901,3087.842256894182,18.9617769902544,10.66864953803316,4.46966552734375
147,0.15892605567081053,6.07967780490544e-05,0.21433056492473299,0.9979370062769415,2.5735525439999947,7901,3070.075261692429,18.022149095051258,10.879255790406278,4.47198486328125
148,0.158111041436511,6.023270017881686e-05,0.21621496304695365,0.9979579440338551,2.5658966150003835,7901,3079.235520952125,17.94405771421339,11.07657258574864,4.215702056884766
149,0.1602296942609003,5.966730449933367e-05,0.21809977628576424,0.9979788864031751,2.5329269509998085,7901,3119.3161717045496,18.312112390836603,10.717250980888496,4.46685791015625
150,0.16122143471290787,5.910066756527519e-05,0.2199847979279269,0.9979998310880881,2.5544605059999412,7901,3093.0210044124997,17.841032780660676,10.80116440956841,4.46820068359375
151,0.16432386268589894,5.853286609937785e-05,0.22186982123734733,0.998020775791526,2.588029904999985,7901,3052.901353549099,16.787748386280217,11.25629667130743,4.4691162109375
152,0.16155954781642007,5.7963976982055905e-05,0.22375463947774854,0.9980417182164194,2.552625482000167,7901,3095.244506377408,17.842298443235034,10.895456271358055,4.215030670166016
153,0.15786159927973853,5.739407724099177e-05,0.2256390459353438,0.9980626560659482,2.599810295000225,7901,3039.067894759343,18.49487406657385,10.817364890520187,4.46185302734375
154,0.1634587088750444,5.68232440407065e-05,0.22752283394150838,0.9980835870437945,2.545149476000006,7901,3104.3363364329102,17.02063029996203,10.930768257182635,4.215030670166016
155,0.15674120641338601,5.6251554672111695e-05,0.2294057968954444,0.9981045088543938,2.5634290539996982,7901,3082.1995981016644,20.077964814580433,10.555246171370712,4.215030670166016
156,0.1658953903555312,5.567908654204427e-05,0.23128772828684047,0.9981254192031871,2.5703078540000206,7901,3073.9508451114652,16.237185166434628,11.206176433362865,4.46807861328125
157,0.16520425138473813,5.510591716278559e-05,0.23316842171851968,0.9981463157968724,2.544331069999771,7901,3105.334872949813,17.17972408555879,10.846854828502721,4.215396881103516
158,0.1644715693174714,5.4532124141566275e-05,0.23504767092907577,0.9981671963436564,2.5646874760000173,7901,3080.687247056977,17.68485001898494,10.736362485761296,4.46820068359375
159,0.163369498229407,5.395778517005816e-05,0.2369252698154949,0.9981880585535055,2.563232520999918,7901,3082.435922324291,18.381470699911404,10.78496392861663,4.216861724853516
160,0.16216957029353635,5.3382978013854864e-05,0.23880101245575902,0.9982089001383974,2.5951122799997393,7901,3044.5696168494082,18.94557650930262,10.830654347550944,4.4603271484375
161,0.16377465285850226,5.280778050194227e-05,0.24067469313143058,0.9982297188125715,2.5371033789997455,7901,3114.1813397903297,18.187064928490063,10.78496392861663,4.215641021728516
162,0.164744662187655,5.2232270516160495e-05,0.24254610635021398,0.9982505122927802,2.5494034879998253,7901,3099.156346647527,18.151752942665485,10.846854828502721,4.215641021728516
163,0.1582454050674331,5.16565259806587e-05,0.24441504686849225,0.9982712782985388,2.563832134000222,7901,3081.7150215183765,20.66118212884445,10.21503607138337,4.216861724853516
164,0.16353265692947513,5.108062485134405e-05,0.24628130971383744,0.9982920145523759,2.536037479999777,7901,3115.490233212442,18.506518162257944,10.47424376661182,4.4691162109375
165,0.16520005645985514,5.0504645105326616e-05,0.24814469020748994,0.9983127187800832,2.5789371759997266,7901,3063.665169329754,18.42551575749905,10.895456271358055,4.215702056884766
166,0.16555427646255239,4.992866473036115e-05,0.2500049839868065,0.9983333887109646,2.574240775999897,7901,3069.2544666615586,18.231109986077712,10.992659157068726,4.215396881103516
167,0.1695148138049554,4.935276171428753e-05,0.25186198702767343,0.9983540220780852,2.5622547909997593,7901,3083.612148078814,16.29160865713201,11.222376914314644,4.215396881103516
168,0.1678306286191053,4.877701403447128e-05,0.2537154956668821,0.9983746166185209,2.5850777669998024,7901,3056.387742319167,17.776230856853562,11.07657258574864,4.215641021728516
169,0.1660172859919462,4.8201499647245366e-05,0.2555653066244662,0.9983951700736052,2.587132601000121,7901,3053.9602017096727,18.151752942665485,11.04126059992406,4.215641021728516
170,0.16478375285211325,4.762629647735485e-05,0.25741121702599457,0.9984156801891777,2.5855104419997588,7901,3055.8762678556363,19.331477028224274,10.78496392861663,4.215702056884766
171,0.16788660842864486,4.705148240740595e-05,0.2592530244248229,0.9984361447158313,2.5768366600000263,7901,3066.1625250239645,18.16504239969624,10.930768257182635,4.215641021728516
172,0.16850471793435945,4.647713526732069e-05,0.2610905268242951,0.9984565614091588,2.5644002590001946,7901,3081.0322890391662,19.24009619035565,10.703961523857739,4.46954345703125
173,0.17031234032616496,4.5903332823798704e-05,0.26292352269989794,0.9984769280299989,2.558044006000273,7901,3088.688068487887,17.259081128971015,10.992659157068726,4.216861724853516
174,0.16352501623412655,4.53301527697876e-05,0.26475181102136214,0.9984972423446818,2.549304776000099,7901,3099.276349529615,20.33881787115555,10.39324136185293,4.215396881103516
175,0.16925288875251462,4.475767271396339e-05,0.2665751912747106,0.9985175021252746,2.590066909000143,7901,3050.5003452015317,18.521452980635363,10.963169219086192,4.46929931640625
176,0.17078061977069206,4.418597017022215e-05,0.26839346348424875,0.998537705149825,2.5807467889999316,7901,3061.516935205304,17.922035185419567,11.07657258574864,4.215396881103516
177,0.17003574819523176,4.361512254718474e-05,0.27020642823449714,0.9985578492026055,2.575388436999674,7901,3067.8867259358594,18.92937602835084,10.798253385647387,4.215152740478516
178,0.17177773446482114,4.304520713771559e-05,0.27201388669206145,0.9985779320743562,2.5527316319999045,7901,3095.1157971157604,17.745095557524365,10.701050499936716,4.215396881103516
179,0.17180972161126762,4.247630110845725e-05,0.27381564062743935,0.9985979515625271,2.526775431999795,7901,3126.910250883206,17.372484495633465,10.587647133274269,4.4603271484375
180,0.173438593103997,4.190848148938206e-05,0.27561149243676103,0.9986179054715195,2.5668205680003666,7901,3078.1271190121115,17.84685482850272,10.930768257182635,4.215702056884766
181,0.17133728959729078,4.134182516336216e-05,0.27740124516346065,0.9986377916129273,2.4828761160001704,7901,3182.1966263577597,18.294646247310467,10.460954309581066,4.46807861328125
182,0.1679056911430937,4.077640885575969e-05,0.27918470251987776,0.9986576078057764,2.5354244420000214,7901,3116.2435247991243,20.438931780787243,10.136944690545501,4.4603271484375
183,0.1689950204898158,4.021230912403806e-05,0.28096166890878416,0.9986773518767643,2.5960461260001466,7901,3043.4744286202076,19.428679913934946,10.736362485761296,4.215702056884766
184,0.17528381799424905,3.964960234739607e-05,0.28273194944483615,0.9986970216604982,2.544277630000124,7901,3105.400097394094,17.036830780913807,10.914567776230857,4.4603271484375
185,0.17101896162607025,3.908836471642619e-05,0.28449534997594794,0.9987166149997327,2.568624844000169,7901,3075.9649539539687,18.592076952284522,10.720162004809518,4.4603271484375
186,0.17658154252638864,3.8528672222798294e-05,0.28625167710458477,0.9987361297456065,2.5835265569999137,7901,3058.222869276379,17.131122642703456,11.089862042779394,4.215396881103516
187,0.17406809005220092,3.797060064897042e-05,0.2880007382089738,0.9987555637578774,2.5221082269999897,7901,3132.696652513648,17.617137071256803,10.701050499936716,4.216861724853516
188,0.17496835905009472,3.741422555792778e-05,0.2897423414642291,0.9987749149051581,2.576963805000105,7901,3066.011243413517,17.895456271358057,10.914567776230857,4.46978759765625
189,0.17459787894217157,3.685962228295155e-05,0.2914762958633901,0.9987941810651487,2.573176574000172,7901,3070.523834171775,17.89089988609037,10.846854828502721,4.215396881103516
190,0.17586380463584347,3.6306865917418675e-05,0.2932024112383696,0.9988133601248708,2.567811679999977,7901,3076.939037834765,17.66864953803316,10.930768257182635,4.46051025390625
191,0.17273259829975446,3.575603130463429e-05,0.29492049828081013,0.9988324499808979,2.5640748929999972,7901,3081.423253887775,18.994177952157955,10.782052904695608,4.46820068359375
192,0.17431691583350192,3.520719302769785e-05,0.2966303685628461,0.9988514485395872,2.5736075770000753,7901,3070.0096124249826,18.03670421465637,11.04126059992406,4.216861724853516
193,0.17316753781531344,3.466042539940461e-05,0.2983318345577691,0.9988703537173086,2.5613544140001068,7901,3084.696111094164,18.5891659283635,10.749651942792052,4.215152740478516
194,0.17335274828572678,3.4115802452183675e-05,0.3000247096605947,0.9988891634406732,2.5752728000002207,7901,3068.024482687552,18.133907100367043,10.782052904695608,4.215152740478516
195,0.17500811322076973,3.357339792807395e-05,0.3017088082085281,0.9989078756467614,2.559593766999569,7901,3086.817955984392,18.132641437792685,10.963169219086192,4.4696044921875
196,0.17665407877076414,3.303328526873947e-05,0.30338394550132564,0.9989264882833481,2.573905652999656,7901,3069.6540841705264,17.61422604733578,10.979369700037969,4.47198486328125
197,0.18034537693485853,3.2495537605525384e-05,0.3050499378215523,0.9989449993091284,2.5385400209997897,7901,3112.4189237277556,16.405012023794455,11.108973547652196,4.459228515625
198,0.1738348648040721,3.196022774955601e-05,0.3067066024547302,0.9989634066939415,2.521358588000112,7901,3133.628051798418,18.559675990380963,10.363751423870395,4.4686279296875
199,0.1747223151350999,3.142742818187611e-05,0.3083537577093773,0.998981708418993,2.5424793039996985,7901,3107.5965839999367,18.32831287178838,10.701050499936716,4.216861724853516
200,0.17587273190812422,3.0897211043637e-05,0.30999122293693443,0.998999902477077,2.492450571000063,7901,3169.972593209673,18.085305657511707,10.555246171370712,4.215030670166016
201,0.1764153084367487,3.0369648126328658e-05,0.311618818551577,0.9990179868727953,2.5775951230002647,7901,3065.2602999975447,19.03986837109227,10.720162004809518,4.216861724853516
202,0.17605600745304373,2.984481086205902e-05,0.3132363660499116,0.9990359596227768,2.5339506220002477,7901,3118.0560234291843,17.970636628274903,10.833565371471966,4.216861724853516
203,0.17630218643279727,2.9322770313882205e-05,0.31484368803055207,0.999053818755895,2.559650896999756,7901,3086.7490599053963,19.07353499557018,10.539045690418934,4.4609375
204,0.17891076581717413,2.880359716617645e-05,0.3164406082135761,0.9990715623134842,2.4793552169999202,7901,3186.7156209913323,17.166434628528034,10.687761042905962,4.216861724853516
205,0.175055050724308,2.8287361715073552e-05,0.3180269514598587,0.999089188349554,2.569168191999779,7901,3075.3144245686967,18.81432730034173,10.830654347550944,4.216861724853516
206,0.1762024123387131,2.7774133858940644e-05,0.3196025437902794,0.9991066949310031,2.6056352279997554,7901,3032.2740171368077,18.408049613972914,11.027971142893305,4.215641021728516
207,0.17864938466937583,2.7263983088915974e-05,0.3211672124048041,0.9991240801378312,2.550507942999957,7901,3097.814308590896,17.193013542589547,10.930768257182635,4.215396881103516
208,0.1787952311962198,2.6756978479499884e-05,0.32272078570143586,0.9991413420633493,2.553310684999815,7901,3094.4138707509355,18.15010758131882,10.782052904695608,4.46978759765625
209,0.1744513235964544,2.6253188679201963e-05,0.3242630932950351,0.9991584788143892,2.600581920999957,7901,3038.1661643490793,19.122136438425517,10.830654347550944,4.46685791015625
210,0.17851296835776417,2.5752681901246166e-05,0.3257939660360065,0.9991754885115112,2.582651792999968,7901,3059.258712852777,17.016073914694342,11.04126059992406,4.215030670166016
211,0.18134465628244534,2.525552591433462e-05,0.32731323602885004,0.9991923692892094,2.57317877100013,7901,3070.521212534751,16.63181875711935,11.319579800025313,4.215396881103516
212,0.17739017752473407,2.476178803347179e-05,0.3288207366505746,0.9992091192961174,2.561711856000329,7901,3084.265695805479,17.61549170991014,10.863055309454499,4.46685791015625
213,0.17775011957710174,2.4271535110850042e-05,0.33031630256897193,0.9992257366952108,2.5861463030005325,7901,3055.1249134022305,18.2356663713454,10.8821668143273,4.215641021728516
214,0.18032502320473323,2.378483352679775e-05,0.3317997697607494,0.9992422196640083,2.534478775000025,7901,3117.4062603857956,17.259081128971015,10.944057714213391,4.215396881103516
215,0.17655038162396386,2.3301749180791517e-05,0.33327097552951856,0.9992585663947724,2.588660854000409,7901,3052.157252577186,19.25174028603974,10.798253385647387,4.215702056884766
216,0.1794269861559855,2.2822347482533222e-05,0.33472975852363895,0.9992747750947071,2.583633256000212,7901,3058.096570653274,18.20035438552082,10.944057714213391,4.215030670166016
217,0.17891079102712498,2.23466933430937e-05,0.3361759587539137,0.9992908439861546,2.5642733849999786,7901,3081.184731011068,17.94405771421339,11.027971142893305,4.215396881103516
218,0.18195860754001172,2.1874851166123634e-05,0.33760941761113633,0.9993067713067904,2.5430495360005807,7901,3106.899762725737,16.463991899759524,10.979369700037969,4.215396881103516
219,0.17804534885682965,2.140688483913334e-05,0.33902997788348554,0.9993225553098165,2.5870456920001743,7901,3054.0627961972104,18.75117073788128,10.733451461840273,4.47198486328125
220,0.1820350497859201,2.0942857724842466e-05,0.3404374837737675,0.9993381942641529,2.5398813690007955,7901,3110.7752103824837,17.617137071256803,10.798253385647387,4.215396881103516
221,0.17805516370533842,2.0482832652600496e-05,0.34183178091650224,0.9993536864546279,2.5790594100008093,7901,3063.519967536351,18.52271864320972,10.846854828502721,4.215396881103516
222,0.1789909879620536,2.002687190987983e-05,0.3432127163948537,0.999369030182165,2.590501358000438,7901,3049.9887504782632,18.198709024174157,10.879255790406278,4.4691162109375
223,0.18075320524077615,1.957503723384193e-05,0.3445801387574006,0.9993842237639711,2.564528535000136,7901,3080.8781778673333,17.356284014681687,10.992659157068726,4.215396881103516
224,0.1782152254005698,1.91273898029781e-05,0.3459338980347461,0.9993992655337194,2.5259052849996806,7901,3127.987437581611,19.008733071763068,10.39324136185293,4.215396881103516
225,0.179658944073651,1.8683990228826017e-05,0.34727384575596604,0.9994141538417329,2.570342459999665,7901,3073.90945874233,17.717250980888494,10.963169219086192,4.46051025390625
226,0.1817170273554565,1.824489854776276e-05,0.34859983496489166,0.9994288870551654,2.5428606040004524,7901,3107.1306022713443,17.76585242374383,10.865966333375521,4.459228515625
227,0.18099057909401592,1.7810174212876046e-05,0.34991172023622713,0.9994434635581803,2.565861490000316,7901,3079.277673713801,17.63333755220858,11.025060118972283,4.46807861328125
228,0.17727626463707874,1.7379876085914112e-05,0.35120935769149875,0.9994578817521278,2.586949024000205,7901,3054.176919103982,19.41830148082521,10.817364890520187,4.46612548828125
229,0.1792590646649626,1.6954062429315902e-05,0.352492605014834,0.9994721400557204,2.579594208999879,7901,3062.884841512827,18.00594861409948,10.798253385647387,4.215641021728516
230,0.17879857733768387,1.6532790898322366e-05,0.3537613214685707,0.9994862369052063,2.576644963000035,7901,3066.390641107466,18.765725857486395,10.846854828502721,4.215641021728516
231,0.18098674013733548,1.611611853316982e-05,0.35501536790869126,0.999500170754541,2.568195531999663,7901,3076.4791471497024,17.02063029996203,10.979369700037969,4.215396881103516
232,0.17873618673213054,1.5704101751366804e-05,0.35625460680008353,0.9995139400755565,2.6161437060000026,7901,3020.0940345438316,18.2356663713454,11.011770661941526,4.216861724853516
233,0.18202017438915646,1.529679634005505e-05,0.3574789022316246,0.9995275433581292,2.571346227999129,7901,3072.7095067816267,17.388684976585242,11.008859638020503,4.46807861328125
234,0.18088019707620542,1.4894257448455929e-05,0.35868811993108635,0.9995409791103455,2.5415451919998304,7901,3108.738740853571,17.1942792051639,10.701050499936716,4.46966552734375
235,0.1783240465608794,1.449653958040328e-05,0.359882127279862,0.9995542458586651,2.533625005000431,7901,3118.4567504687443,19.494747500316414,10.458043285660043,4.216861724853516
236,0.18240734921416335,1.4103696586963488e-05,0.36106079332751023,0.9995673421480834,2.5653186769995955,7901,3079.9292387490173,16.625743576762435,11.223895709403873,4.215030670166016
237,0.18248029277077538,1.3715781659144138e-05,0.36222398880611734,0.9995802665422902,2.4810050050000427,7901,3184.5965582805684,17.43602075686622,10.639159600050627,4.215030670166016
238,0.178131723531046,1.333284732069187e-05,0.3633715861444742,0.9995930176238275,2.566159910999886,7901,3078.9195817970017,19.331477028224274,10.622959119098848,4.215641021728516
239,0.18220828761180555,1.2954945420980679e-05,0.3645034594820675,0.9996055939942452,2.536768160000065,7901,3114.592860547334,17.679027971142894,10.8821668143273,4.215396881103516
240,0.1788494568197897,1.258212712799155e-05,0.3656194846828833,0.9996179942742542,2.5613768940002046,7901,3084.6690381674725,18.96013162890773,10.652449057081382,4.216861724853516
241,0.1780870214393208,1.2214442921384216e-05,0.36671953934902124,0.999630217103878,2.5830756139994264,7901,3058.7567615826497,19.256296671307428,10.720162004809518,4.215152740478516
242,0.17855001151667352,1.1851942585662262e-05,0.36780350283411845,0.9996422611426014,2.5740226019997863,7901,3069.514616484574,19.057334514618404,10.749651942792052,4.215702056884766
243,0.17935788010007414,1.1494675203432262e-05,0.3688712562565811,0.9996541250695176,2.549847115000375,7901,3098.6171498359963,18.506518162257944,10.76585242374383,4.4686279296875
244,0.178657183612001,1.114268914875806e-05,0.36992268251262256,0.9996658075834736,2.588691087999905,7901,3052.121605635276,18.68927983799519,11.011770661941526,4.46685791015625
245,0.17931797620865714,1.0796032080610801e-05,0.3709576662891066,0.9996773074032123,2.6046513380006218,7901,3033.419438804793,18.310846728262245,11.011770661941526,4.215030670166016
246,0.1812123401627301,1.0454750936415969e-05,0.3719760940761939,0.9996886232675133,2.5670704690001003,7901,3077.827467306544,17.69649411466903,10.895456271358055,4.216861724853516
247,0.17736206982893485,1.0118891925698067e-05,0.37297785417979146,0.9996997539353311,2.5766519039998457,7901,3066.382380846611,19.57448424250095,10.622959119098848,4.215152740478516
248,0.18181550912601466,9.788500523823766e-06,0.37396283673380176,0.9997106981859312,2.5558771109999725,7901,3091.306685284559,17.1178331856727,11.07657258574864,4.215396881103516
249,0.17966899478334428,9.463621465844627e-06,0.37493093371217295,0.9997214548190242,2.541704521000611,7901,3108.5438668101187,18.570054423490696,10.671560561954182,4.4603271484375
250,0.1793646949964933,9.14429874043986e-06,0.37588203894074546,0.9997320226548971,2.5918421520000265,7901,3048.4109512236682,18.61865586634603,10.914567776230857,4.4696044921875
251,0.18082903909835615,8.83057558396038e-06,0.3768160481088975,0.9997424005345433,2.568487704999825,7901,3076.1291886349672,17.76585242374383,10.963169219086192,4.4691162109375
252,0.17873160335485308,8.522494474574453e-06,0.37773285878098406,0.9997525873197887,2.582318958999167,7901,3059.6530194171683,19.105935957473736,10.701050499936716,4.215030670166016
253,0.18026989559601597,8.220097126516249e-06,0.3786323704075721,0.9997625818934175,2.5845239690006565,7901,3057.0426487687155,18.279711428933048,10.895456271358055,4.215396881103516
254,0.18317247608457543,7.923424484437716e-06,0.37951448433646784,0.9997723831592941,2.5772491960005937,7901,3065.671729478417,16.486014428553347,11.141374509555753,4.216861724853516
255,0.18071530142994927,7.6325167178646e-06,0.3803791038235361,0.9997819900424837,2.532671976000529,7901,3119.630206702437,18.26515630932793,10.733451461840273,4.4691162109375
256,0.1814429074291971,7.347413215757582e-06,0.3812261340433111,0.9997914014893701,2.576663490000101,7901,3066.3685928191153,17.69522845209467,11.011770661941526,4.46051025390625
257,0.18099913935942855,7.0681525811789215e-06,0.3820554820993953,0.9998006164677711,2.546284461000141,7901,3102.952604477117,18.116440956840908,10.736362485761296,4.215641021728516
258,0.1798922197926031,6.794772626065627e-06,0.3828670570346487,0.9998096339670517,2.576179587000297,7901,3066.9445716709224,18.332869257056068,10.833565371471966,4.215396881103516
259,0.18179301049434418,6.527310366109738e-06,0.3836607698411635,0.9998184529982351,2.5421115219996864,7901,3108.046177999651,17.55524617137071,10.865966333375521,4.215396881103516
260,0.18240281786364612,6.265802015746355e-06,0.38443653347002626,0.9998270725941114,2.5178175359997113,7901,3138.0351780983488,17.24161498544488,10.687761042905962,4.215702056884766
261,0.17712054456423965,6.010282983250228e-06,0.38519426284086516,0.999835491809343,2.6149450040002193,7901,3021.4784585960406,19.288697633210987,10.80116440956841,4.46051025390625
262,0.17985498665850488,5.760787865941451e-06,0.38593387485118025,0.9998437097205687,2.5681822019996616,7901,3076.4951154353653,18.24731046702949,10.927857233261612,4.4696044921875
263,0.18163029481196552,5.517350445500972e-06,0.38665528838545826,0.9998517254265051,2.565834468000503,7901,3079.3101030235484,17.422731299835466,11.073661561827617,4.215030670166016
264,0.1805947827034518,5.2800036833965946e-06,0.38735842432406825,0.9998595380480452,2.525963543999751,7901,3127.9152934603,17.798253385647385,10.639159600050627,4.216861724853516
265,0.18177148410261862,5.048779716419913e-06,0.38804320555193944,0.9998671467283549,2.5231888480002453,7901,3131.3549940036955,17.636248576129603,10.687761042905962,4.46966552734375
266,0.1778997799317726,4.8237098523350784e-06,0.3887095569670181,0.9998745506329668,2.538941107000028,7901,3111.9272432969883,18.977977471206177,10.587647133274269,4.215641021728516
267,0.18134118224673446,4.604824565639633e-06,0.3893574054885046,0.9998817489498723,2.5867515280006046,7901,3054.410102584137,18.08403999493735,11.011770661941526,4.459228515625
268,0.1806986951051732,4.3921534934383e-06,0.3899866800648684,0.9998887408896097,2.58572815000025,7901,3055.6189752581827,17.876344766485254,11.073661561827617,4.47198486328125
269,0.17974134238969372,4.185725431430148e-06,0.3905973116816402,0.9998955256853516,2.588352267999653,7901,3052.521133881866,18.474117200354385,10.895456271358055,4.216861724853516
270,0.1822913316096283,3.985568330009563e-06,0.3911892333689812,0.9999021025929887,2.5556139419995816,7901,3091.6250182208832,17.11327680040501,11.025060118972283,4.216861724853516
271,0.18089903860722234,3.7917092904818543e-06,0.3917623802090279,0.9999084708912114,2.5287633329999153,7901,3124.4521370953717,17.65244905708138,10.8821668143273,4.215396881103516
272,0.18112752038441857,3.6041745613936574e-06,0.3923166893430118,0.999914629881589,2.554369790999772,7901,3093.1308488844816,17.421085938488797,10.684850018984939,4.46087646484375
273,0.18085988860404306,3.422989534978914e-06,0.3928520999781532,0.9999205788886462,2.5460969149999073,7901,3103.181168577115,18.041260599924062,10.687761042905962,4.215030670166016
274,0.18040564282078364,3.24817874372077e-06,0.3933685533943286,0.999926317259937,2.5841953180006385,7901,3057.431435218647,17.992659157068726,10.8821668143273,4.215641021728516
275,0.18198332411173762,3.0797658570298323e-06,0.3938659929505109,0.9999318443661168,2.550808206000511,7901,3097.4496559222757,17.471332742690798,10.846854828502721,4.214908599853516
276,0.18158808944082278,2.917773678039374e-06,0.39434436409098106,0.9999371596010109,2.566861083999356,7901,3078.078533057842,17.29312745222124,11.025060118972283,4.4603271484375
277,0.1812193602693185,2.7622241405177484e-06,0.3948036143513117,0.9999422623816813,2.570966704000057,7901,3073.163097642289,17.409441842804707,10.979369700037969,4.215152740478516
278,0.1795546177304586,2.6131383058985596e-06,0.3952436933641208,0.9999471521484903,2.5606357549995664,7901,3085.5618510260697,18.008859638020503,10.914567776230857,4.46966552734375
279,0.17968234683294687,2.4705363604289706e-06,0.39566455286459584,0.9999518283651622,2.5520118039994486,7901,3095.988814635478,18.182508543222376,10.749651942792052,4.216861724853516
280,0.17705581700171177,2.3344376124364343e-06,0.39606614669578694,0.999956290518842,2.589938156000244,7901,3050.6519940236194,20.045563852676878,10.539045690418934,4.46807861328125
281,0.17972289293970492,2.204860489714402e-06,0.39644843081366926,0.9999605381201518,2.5660694779999176,7901,3079.0280885762727,18.376914314643717,10.927857233261612,4.215030670166016
282,0.18287605967774842,2.0818225370271246e-06,0.39681136329197325,0.9999645707032442,2.5445297769992976,7901,3105.09237165126,16.826224528540692,11.027971142893305,4.215396881103516
283,0.17953875142062048,1.9653404137341595e-06,0.39715490432678296,0.9999683878258532,2.5316190630001074,7901,3120.927676471547,18.91026452347804,10.622959119098848,4.46051025390625
284,0.18020904636574672,1.855429891534639e-06,0.3974790162409015,0.9999719890693434,2.555130149999968,7901,3092.2103909267003,17.922035185419567,10.833565371471966,4.216861724853516
285,0.1815480992958042,1.7521058523318048e-06,0.3977836634879828,0.9999753740387554,2.548334817000068,7901,3100.456010447307,16.918871028983673,11.04126059992406,4.215396881103516
286,0.17874579983313707,1.6553822862179939e-06,0.39806881265643085,0.9999785423628492,2.596890376000374,7901,3042.4849939829965,18.45665105682825,10.963169219086192,4.215702056884766
287,0.18021070578101012,1.565272289580368e-06,0.3983344324730633,0.9999814936941451,2.5602057509995575,7901,3086.080092162626,17.66864953803316,10.817364890520187,4.46807861328125
288,0.17629389513702184,1.4817880633276749e-06,0.39858049380654176,0.9999842277089616,2.59825624000041,7901,3040.8856056470986,19.54334894317175,10.733451461840273,4.215702056884766
289,0.1802169107143041,1.4049409112382203e-06,0.3988069696705665,0.9999867441074507,2.5624519479997616,7901,3083.374892617005,17.889381091001137,10.835084166561195,4.215702056884766
290,0.18029742063962723,1.3347412384293648e-06,0.3990138352268361,0.9999890426136315,2.5726338679996843,7901,3071.1715717803686,17.98810277180104,10.944057714213391,4.215702056884766
291,0.18124945157729377,1.271198549948642e-06,0.3992010677877718,0.9999911229754197,2.566240244000255,7901,3078.8231999993586,17.016073914694342,10.992659157068726,4.217174530029297
292,0.18035631522266582,1.2143214494867942e-06,0.3993686468190055,0.9999929849646556,2.540287869000167,7901,3110.2774202947944,17.50664472851538,10.833565371471966,4.215030670166016
293,0.18005112911188034,1.1641176382128071e-06,0.39951655394163177,0.9999946283771293,2.5748593719999917,7901,3068.5170949211843,18.051639033033794,10.80116440956841,4.468994140625
294,0.17958167586850451,1.1205939137312026e-06,0.3996447729342236,0.9999960530326025,2.606734848999622,7901,3030.9948873519456,18.35944817111758,10.963169219086192,4.215396881103516
295,0.17931124822216205,1.0837561691616127e-06,0.39975328973461166,0.999997258774829,2.5481173070002114,7901,3100.7206686655672,18.52727502847741,10.671560561954182,4.215702056884766
296,0.18043969786969818,1.053609392340861e-06,0.39984209244142627,0.9999982454715715,2.5313148770001135,7901,3121.3027157504616,18.346158714086826,10.652449057081382,4.215152740478516
297,0.18082467763163804,1.0301576651476202e-06,0.39991117131540255,0.9999990130146156,2.565942676999839,7901,3079.1802446803044,17.43602075686622,10.914567776230857,4.215396881103516
298,0.17737393559850992,1.0134041629497022e-06,0.3999605187804491,0.9999995613197827,2.591165302000263,7901,3049.2072404260675,19.820402480698647,10.782052904695608,4.47198486328125
299,0.1809469748714154,1.0033511541741367e-06,0.39999012942447826,0.9999998903269387,2.546272253999632,7901,3102.967480240682,16.77306670041767,10.814453866599164,4.215152740478516
300,0.1802402709503141,1e-06,0.4,1.0,2.594330357999752,7901,3045.487239370598,17.43602075686622,11.125174028603974,4.215396881103516
