epoch,total,prediction,regularizer,variance,covariance,embedding_std,learning_rate,weight_decay,ema_momentum,seconds,samples_per_second,peak_gpu_memory_gib,prediction_defocus_100_to_075,prediction_defocus_075_to_050,prediction_defocus_050_to_025,prediction_defocus_025_to_000,prediction_resolution_100_to_075,prediction_resolution_075_to_050,prediction_resolution_050_to_025,prediction_resolution_025_to_000
1.0,0.52335704581494,0.42888808373393417,0.9446895836788014,0.6962422946784605,6.211182361342548,0.3039801600062082,3.3333333333333337e-06,0.0400095547404416,0.9960001061637827,13.287138551997487,594.6351781522008,6.062620162963867,0.42349004987042244,0.42802915919540274,0.43150273394584654,0.42836756233829465,0.42628316362503127,0.42951875712190357,0.43281113586308045,0.43107412152976915
2.0,0.37175364746894735,0.2894861005654955,0.8226754292704277,0.7568310337449279,1.6461099771408623,0.24293022948780357,6.6666666666666675e-06,0.040038847016218126,0.9960004316335135,12.476748120010598,633.2579550378299,6.061124801635742,0.2840877959984553,0.2903636269937686,0.2901667531762307,0.29228242667945653,0.2867226695472544,0.2883261411313517,0.28990893951549135,0.29414387247800133
3.0,0.30437078361736947,0.22375597157420696,0.8061480981355196,0.7349324875912354,1.7803904158286603,0.2648638563357702,1e-05,0.04008787618256704,0.9960009764020286,12.226017794004292,646.2447653130928,6.062314987182617,0.2184912201636779,0.2232407357904219,0.2230154926022047,0.23008610460654338,0.22007194547235176,0.21945178746177466,0.2253194977112902,0.2304292030255738
4.0,0.245645689396236,0.16646628329239682,0.7917940480892243,0.7206819725555644,1.7778018841244363,0.27913209079277845,1.3333333333333335e-05,0.040156636862309636,0.9960017404095812,12.310083329008194,641.8315610733216,6.061277389526367,0.1601165120418255,0.16437234906236292,0.16668348849131798,0.17353491869169413,0.16053258607262058,0.16657898893958248,0.16690995916345233,0.17321199555018282
5.0,0.19654041059846108,0.11855974232259543,0.7798066679442507,0.7085051199346083,1.7825388322674975,0.2913203414460252,1.6666666666666667e-05,0.040245121514251525,0.9960027235723806,12.070810490986332,654.5542244988383,6.062314987182617,0.10956021494174559,0.11564993793613701,0.12017116873457116,0.1264353853590945,0.11391936167836061,0.11618321180723679,0.12119229280406275,0.1251546765767759
6.0,0.1643510043522992,0.08749501842054411,0.7685598526449389,0.6956431010511461,1.8229187916930816,0.3041900574610273,2e-05,0.04035332043401019,0.9960039257826001,12.192782822006848,648.0062931769296,6.061277389526367,0.07945220510245335,0.08673155106572662,0.09034148962087603,0.09652332504669985,0.07989397755844814,0.08454754921927381,0.08693030114876948,0.0949408556947756
7.0,0.14564613316907352,0.07279823249619213,0.7284789884140214,0.6450081919208537,2.0867700033618775,0.35484858403974145,2.3333333333333332e-05,0.04048122175507879,0.9960053469083897,12.122429914001259,651.7670183330523,6.062314987182617,0.0660607533501874,0.07057673215389729,0.0743354736225398,0.07995783799076661,0.06534399627779834,0.06899404156887227,0.07559459683906973,0.08192275654631878
8.0,0.13646388658917777,0.06830416624681239,0.6815971839791566,0.5843806251998552,2.430413942611032,0.41549734972109,2.666666666666667e-05,0.040628811450127866,0.9960069867938903,12.286822559995926,643.0466429721615,6.061277389526367,0.05841218835145385,0.06611217013720809,0.07237870809508533,0.07639927246154996,0.06383632740955102,0.06509799020370577,0.0683886599564481,0.07608936631296533
9.0,0.13132614782604593,0.06735138212438023,0.639747638405765,0.5317362001418705,2.700286008212977,0.4681559490744124,3e-05,0.040796073332543814,0.9960088452592505,12.237800098999287,645.6225739989071,6.062314987182617,0.05969079671346623,0.06311707852853184,0.07044543742168287,0.07730510262038204,0.059580084771120236,0.0642344851474293,0.06902880904451754,0.07533017845589449
10.0,0.12966597656021692,0.06943404613707038,0.6023192910088299,0.4824337121007292,2.9971394774853737,0.5174688425204103,3.3333333333333335e-05,0.04098298905820391,0.9960109221006467,12.27737765198981,643.5413346366743,6.061277389526367,0.06153925134585454,0.06554490186212476,0.07166656751443844,0.07663862025799528,0.06286819694567378,0.06811933253232309,0.07115345562642046,0.07828698368920003
11.0,0.1319074706667029,0.07447750041766524,0.574299692745496,0.4461024920407194,3.2049301455193207,0.5538065612368939,3.6666666666666666e-05,0.04118953812748827,0.9960132170903054,12.232698253996205,645.8918413538798,6.062314987182617,0.06499373435732562,0.07125066946714352,0.07817121332883835,0.08399766080765779,0.06723822754592144,0.07067263983781376,0.07511217533438294,0.08436734571729657
12.0,0.13732626288091965,0.08186542899748024,0.5546083307812416,0.4203472173058554,3.356527989189197,0.5795659236991848,4e-05,0.04141569788752825,0.9960157299765281,12.093921060004504,653.3034208507606,6.061277389526367,0.07297626751310685,0.0789139812312475,0.08460371300376121,0.0901048118074322,0.07414358916381995,0.07819867911804244,0.08401616943051538,0.09249474470289956
13.0,0.1442237947522319,0.09041431011157525,0.5380948442565445,0.3967047242171673,3.5347531174665883,0.6032118767579135,4.3333333333333334e-05,0.04166144353469042,0.9960184604837188,12.312264012987725,641.7178832151052,6.062314987182617,0.08111652301881978,0.08752686326061526,0.09350579867721985,0.09907748585655576,0.0826162446164939,0.08807137664758934,0.09108305383261626,0.10033921019334666
14.0,0.1515257125311359,0.09874138305638655,0.5278432785959247,0.3822372654143383,3.6401504800977804,0.6176813043547407,4.6666666666666665e-05,0.04192674811729752,0.9960214083124144,12.26326483199955,644.2819353768882,6.061277389526367,0.08992916663017499,0.09588194851261371,0.10247245084552865,0.10731162969599065,0.09085150869269121,0.09512767601295335,0.10080255084459804,0.10805567109657645
15.0,0.15650199507779824,0.10488109553034525,0.5162089797397638,0.368198088246378,3.7002723198603293,0.6317222912301595,5e-05,0.04221158253858376,0.9960245731393176,8.327081125011318,948.8318753456675,6.062314987182617,0.09676210586785546,0.10191093675005236,0.10671550523364802,0.11337416070572873,0.09833801282508142,0.10178771542185298,0.10601442482256734,0.11395346625678
16.0,0.1576930340155516,0.10732563929800866,0.5036739333492791,0.35054473822033266,3.8282300164285843,0.6493778266781207,5.333333333333334e-05,0.04251591555988615,0.9960279546173321,8.03473924199352,983.3548746305875,6.061277389526367,0.09906348984251138,0.10393609559234185,0.10946415875928858,0.11489285471921933,0.10052041799685146,0.10492591816394484,0.10861272313291115,0.11652753269253065
17.0,0.1577583201858548,0.10812287550212582,0.4963544316720908,0.33832866914920184,3.9506441944838326,0.6615953416465853,5.666666666666667e-05,0.042839713804070534,0.9960315523756008,9.517093155998737,830.1904657747209,6.062314987182617,0.1011329944497846,0.10515399162585919,0.10942823525282604,0.11507845843781322,0.10309846442956266,0.10635519185796936,0.10900997059855295,0.11612406765482554
18.0,0.15397787837571184,0.1053621023921646,0.4861577571366289,0.32537683115444854,4.019523206533865,0.674548671903708,6e-05,0.043182941759192184,0.9960353660195466,5.851577972993255,1350.234079844006,6.061277389526367,0.09842255732521939,0.10214904182650185,0.10725417869088506,0.11142456081907562,0.10048562861986557,0.10314474831298222,0.10693593229634217,0.113237973975848
19.0,0.1512678942225007,0.10330898319052195,0.47958909133735633,0.31479580926526995,4.119832156926917,0.6851308452616823,6.333333333333333e-05,0.04354556178239066,0.9960393951309154,12.268652058002772,643.9990279817433,6.062314987182617,0.09772886322892231,0.10008754850733505,0.10421956840314363,0.10750373802244416,0.09919360814802168,0.10165362646345233,0.10498954749723552,0.11086476091831893
20.0,0.14697777686685176,0.09974745204046306,0.47230323505256766,0.3051166223651351,4.179665421129948,0.6948110599968045,6.666666666666667e-05,0.04392753410401784,0.9960436392678225,12.412594034001813,636.5309280523309,6.061277389526367,0.09410504799622756,0.09696436174644911,0.10056193305714296,0.10420055012628822,0.09658679755342867,0.09818623727830439,0.10080709837037004,0.10677493793606394
21.0,0.14266199643755847,0.0961697848603071,0.464922105590085,0.29414699403806027,4.269377890455166,0.7057818233883844,7.000000000000001e-05,0.044328816831999796,0.9960480979648,12.40262848099519,637.0423827583701,6.062314987182617,0.09160136204239325,0.09284403665452941,0.09606114673614502,0.10018497810029146,0.09304181084844279,0.09464990844329198,0.097611240337415,0.10321680540163841
22.0,0.13786569008561964,0.09200983479432313,0.4585585335571092,0.28657519608385246,4.29958351689522,0.7133543804512342,7.333333333333333e-05,0.044749365956431364,0.9960527707328493,12.126546826999402,651.5457460988526,6.061277389526367,0.0881039977799081,0.08895909253174697,0.09175806566373648,0.09472193576689818,0.08991876763827873,0.0902232619751972,0.09377705199377877,0.09865731912568601
23.0,0.13274376625245832,0.08748913064378377,0.4525463490859721,0.278623617486763,4.348068349498115,0.7213067442250394,7.666666666666667e-05,0.045189135354402554,0.9960576570594933,12.352048091997858,639.6510069547558,6.062314987182617,0.08301046681786348,0.08524001077298195,0.08659909003949993,0.08879636619107943,0.08634050261840664,0.08694478132189945,0.08911400039990743,0.0940731591607518
24.0,0.12909048104298265,0.08434027981368096,0.44750200533562107,0.2715080947215731,4.399847843694983,0.7284229444168954,8e-05,0.045648076795057335,0.996062756408834,12.206306567997672,647.2883468873979,6.061277389526367,0.08028472763076572,0.08227987107095044,0.08288494173768927,0.08592465080551265,0.08392043879157618,0.08436380735280716,0.08526571369365175,0.0900012039846898
25.0,0.12461976723012524,0.08043657468626914,0.4418319172081261,0.26572019040561934,4.402793250345245,0.7342113898745248,8.333333333333333e-05,0.04612613994488268,0.9960680682216098,12.023019045009278,657.1560745617951,6.062314987182617,0.07702676763167376,0.07713182439691105,0.07896268843899112,0.08208944391697011,0.07999698946544684,0.0807581341228627,0.08094365240360922,0.08670391406743758
26.0,0.1230101281009193,0.07932863958673135,0.43681487188718243,0.25869973639252364,4.452878500778243,0.7412332299690793,8.666666666666667e-05,0.04662327237322972,0.9960735919152581,12.25026175599487,644.9658103128705,6.061277389526367,0.07604221408425073,0.076184016239794,0.07712217143024486,0.08067004331844842,0.08007962512412563,0.07932455296540142,0.08042891292179838,0.08471585404333756
27.0,0.1184264148495089,0.07512029301134217,0.433061210656676,0.2530183178565877,4.501072457162297,0.7469152266610168,9e-05,0.047139419558062945,0.9960793268839785,12.286137716990197,643.0824871085322,6.062314987182617,0.07290290159544921,0.07213083162650719,0.0725675741448152,0.07518089881533299,0.0765062819180356,0.07570011770327105,0.07568609364590241,0.08032640992613976
28.0,0.11736564569994704,0.07437039869029437,0.4299524642594056,0.2491455837573119,4.5201720824469165,0.750787645989529,9.333333333333333e-05,0.04767452489194052,0.9960852724987993,12.236096691995044,645.7124521718515,6.061277389526367,0.07205249945722034,0.07090692796143405,0.07113539856539551,0.07376975209948727,0.07714307984561784,0.07562544124692709,0.07507441651191217,0.07917722748465328
29.0,0.11420574664990368,0.07168191131508482,0.4252383432091376,0.24457125500581972,4.516677324627943,0.7553622541194052,9.666666666666668e-05,0.04822852968822233,0.996091428107647,12.434478123002918,635.4106639492735,6.062314987182617,0.06971039302323176,0.06857572881388593,0.0683099374718029,0.07037706345443409,0.07443675505779647,0.07238231666508269,0.07290402410281581,0.07643268669492083
30.0,0.11053338587480231,0.06841635356547938,0.4211703060194143,0.24064421967198132,4.513152324312956,0.7592897604513947,0.0001,0.048801373187506436,0.9960977930354168,12.389926668998669,637.695461085287,6.061277389526367,0.06630155392182178,0.06529088589278134,0.06562692611524375,0.06748868375244536,0.07145349271813331,0.06934553196679441,0.06913427439715358,0.0725527521416895
31.0,0.10658646214349317,0.06500875234411511,0.4157770886449569,0.23513962242810307,4.51593669663953,0.7647950629043724,9.999675607461392e-05,0.04939299256429247,0.9961043665840477,12.266527609011973,644.1105626497994,6.062314987182617,0.06372615673863297,0.06080675558147267,0.061106622755527494,0.06407696928279195,0.06863852193202878,0.06638231956296498,0.06596738927894169,0.068956929903764
32.0,0.10404909995179767,0.06281080694628462,0.41238292058560383,0.23095386272487028,4.535726592323777,0.7689808196183202,9.998681115190574e-05,0.050003322933872385,0.9961111480325986,12.253531301001203,644.7937174938648,6.061277389526367,0.061695114836006086,0.05946122067488306,0.05821949057086789,0.060518132766666136,0.06771033454799291,0.0638364761830326,0.06389956262405462,0.06649195588223586
33.0,0.1017042797451577,0.06083676162595583,0.4086751710642834,0.22678190551593536,4.547331696838507,0.7731533048726564,9.997016570662151e-05,0.050632297359445966,0.9961181366373272,12.379655684009776,638.2245356149407,6.062314987182617,0.059606751094839136,0.05715129800861882,0.056097209338515884,0.05756382684939538,0.06703566502358206,0.0631578605254991,0.06198090284578199,0.0645548328526618
34.0,0.10261521016460569,0.06196442967260236,0.40650779803996295,0.22279342158227583,4.592859528122363,0.7771428164508188,9.994682199255739e-05,0.05127984685946252,0.9961253316317717,12.41400831399369,636.4584105436435,6.061277389526367,0.06107631255183699,0.059081561625407716,0.056297231563098765,0.058532438696045234,0.06903721690177918,0.06439652151374892,0.06266803501338707,0.0647575335080172
35.0,0.10260611061332588,0.06217471730454845,0.40431392760144624,0.2217448210621194,4.564227795332327,0.7781906503315983,9.991678317045618e-05,0.051945900415185986,0.9961327322268354,12.209644362999825,647.1113953116632,6.062314987182617,0.06243028264519171,0.05892367709542074,0.05657582026143986,0.05830190847528742,0.06976350127314809,0.06397423471198452,0.06276707823008659,0.06511501685505913
36.0,0.09894399717968788,0.058961056673105056,0.3998293990636834,0.21698282966657825,4.571164388322269,0.782953725881387,9.988005330757945e-05,0.05263038497848388,0.9961403376108721,12.31160577799892,641.7521924003805,6.061277389526367,0.05805646362695617,0.055410490508823955,0.05286252741910973,0.055789493188590465,0.06760363656073397,0.061302746528416725,0.059358246377860774,0.061793436506884784
37.0,0.10094990023305606,0.06104943493833543,0.39900464750425585,0.21461477526802455,4.609746970039216,0.7853216629453195,9.983663737715682e-05,0.05333322547983865,0.9961481469497759,12.259731635000207,644.4676144005876,6.062314987182617,0.06262281610460704,0.05703286190966626,0.05367242430695128,0.055089853839990335,0.07176868566892174,0.06418726969444448,0.060858375871952496,0.06287229514906927
38.0,0.09605808222072063,0.05662491379916072,0.39433168241637007,0.21012164186698065,4.605251148522255,0.7898166785435109,9.978654125771261e-05,0.054054344836581,0.9961561593870731,12.129502347001107,651.3869880204475,6.061277389526367,0.05706834694248947,0.05222484208092901,0.04934094689810137,0.05110206762585071,0.06762561766693054,0.060421469713448264,0.0567656273499562,0.058219592793878304
39.0,0.09402272488260371,0.054963551554581346,0.39059172969213873,0.20802149327476332,4.564256002293133,0.7919190956088443,9.972977173226982e-05,0.054793663961343386,0.9961643740440149,12.396602649998385,637.3520409643064,6.062314987182617,0.05536377948263417,0.0509164537440679,0.04759417395842703,0.04880957497106053,0.06602716492172818,0.05845515863572965,0.05513311809976817,0.05689375101040231
40.0,0.09408527218892655,0.05516512666372404,0.38920144605690915,0.20459531082403598,4.615153468269258,0.7953468979559221,9.96663364874318e-05,0.05555110177073408,0.9961727900196748,12.093555361992912,653.3231761464384,6.061277389526367,0.05541362652411828,0.0514624314921454,0.04800549379669794,0.048773699782672944,0.06674570559758192,0.05849583388197822,0.055219004788586705,0.05662573010977491
41.0,0.09452115129049994,0.0558660342848998,0.38655116019136104,0.20185507462607383,4.617402230013988,0.7980835627202911,9.959624411234136e-05,0.05632657519422973,0.996181406391047,12.348313481998048,639.844462283732,6.062314987182617,0.057434006242162675,0.0513347944833784,0.04760160654783249,0.04895268468295827,0.0688515388319645,0.05950050611817648,0.05557566948633626,0.05694642880494308
42.0,0.09398604282460293,0.05561673266601221,0.3836930839415819,0.19846964927847333,4.630586001438787,0.8014728376464352,9.951950409751795e-05,0.05711999918328603,0.9961902222131476,12.336015733002569,640.4823219268794,6.061277389526367,0.05737365724832485,0.05154401693886858,0.04665948675869652,0.04768026908259382,0.06908588895969318,0.059406890871515315,0.05534531028216122,0.05631397420762239
43.0,0.09461498425427366,0.05642863868235591,0.38186345044125064,0.1968072472931599,4.626405117496963,0.8031327492933367,9.94361268335725e-05,0.057931286720665054,0.9961992365191185,11.953941679996205,660.9535341151595,6.062314987182617,0.05831496438425863,0.052052486537685315,0.047274335499665913,0.04754439032548829,0.07230694614783705,0.06115001127654901,0.056675102652573,0.05682892191643808
44.0,0.09247633272025453,0.05451341768178121,0.379629142528666,0.19289213611708156,4.668425289683214,0.8070522332973019,9.93461236098006e-05,0.05876034882997905,0.9962084483203331,12.313612198995543,641.6476231600429,6.061277389526367,0.05616572352320955,0.05052889351230854,0.04497688640474649,0.04611583373595759,0.07057834204874541,0.05962886753872301,0.053695820901061606,0.05456288298497132
45.0,0.09330355234650657,0.05546591526993376,0.37837636523602236,0.19217885291556772,4.654937815958903,0.807761293123861,9.924950661265395e-05,0.059607094585448384,0.996217856606505,12.308584232989233,641.9097314883617,6.062314987182617,0.0579436880960049,0.051152211686583404,0.04551243837886073,0.046537865951974344,0.07226460701373497,0.06053350408196322,0.05506142517318301,0.055804702573485916
46.0,0.09484211971881706,0.057244385820018416,0.37597732938644085,0.18996346499282882,4.650346643727666,0.8099796293340383,9.914628892409025e-05,0.060471431121873864,0.9962274603457986,12.431319138995605,635.5721312966281,6.061277389526367,0.060153869029722716,0.05360601484021054,0.046536803882717505,0.04723834262821144,0.07510277828425327,0.06236865348483792,0.056646225714277,0.05746597096548608
47.0,0.09471457813408024,0.05728525855519427,0.374293188711704,0.18659447165037044,4.692468048002038,0.8133476103971071,9.903648451980193e-05,0.061353263644821576,0.9962372584849425,12.432875325001078,635.4925786243509,6.062314987182617,0.060661809432682734,0.053086738426844915,0.04606517277346547,0.04617985956083689,0.07634541788258341,0.06295705907237084,0.0560860485579837,0.05637752807434694
48.0,0.09558448331059723,0.05827932361663783,0.3730515849136157,0.18482095501593676,4.705765761901813,0.8151273138310966,9.892010826732384e-05,0.06225249544101896,0.9962472499493447,12.058068129001185,655.2459245935999,6.061277389526367,0.06233420066498033,0.053611108851550245,0.046180371262235835,0.04700842463277531,0.07895213927179122,0.06467687315046483,0.056653138944658184,0.05639247297043781
49.0,0.09198808895419058,0.05503206061020846,0.3695602774159876,0.1828263659912368,4.668347869035851,0.8171223218856529,9.879717592402022e-05,0.06316902788896223,0.9962574336432107,12.268224589002784,644.0214672204846,6.062314987182617,0.058322032897368724,0.05021866822266366,0.043491089693930465,0.043461092372900224,0.07528683898751881,0.06101274691888543,0.053937646373365795,0.053808620900596384
50.0,0.09280245140555116,0.05589522820670021,0.36907222690861097,0.18008475262874923,4.7246869445345006,0.8198645553955805,9.86677041349511e-05,0.0641027604697319,0.9962678084496637,12.219943299991428,646.5660114810469,6.061277389526367,0.059022271388616314,0.051730615202306714,0.04423533698709885,0.04395840899931952,0.07616216891225551,0.06181100974891783,0.05496756355297516,0.05424026461495077
51.0,0.09304246925022192,0.05636094412436939,0.3668152446528655,0.1783148686526139,4.712509443391473,0.8216360302276814,9.853171043061849e-05,0.06505359077801737,0.9962783732308669,12.056444052010193,655.3341902401688,6.062314987182617,0.06057722756323964,0.05174762402207424,0.043661594569683077,0.04380243905926637,0.0781207668957452,0.06294676377659753,0.054808700648845465,0.054200384596866026
52.0,0.09386162841007718,0.057383913302094164,0.36477714159898766,0.17573029044277683,4.726171364740184,0.824226522925473,9.838921322459295e-05,0.06602141453334798,0.9962891268281483,12.215803646991844,646.7851177311311,6.061277389526367,0.06228846015359519,0.05353955006817492,0.04402490918902337,0.04396462325091917,0.07887357970078786,0.0638234433662369,0.055359269111471064,0.054833905538769455
53.0,0.0924404677073875,0.05609142289429416,0.3634904399995124,0.17461684012379833,4.721840137500519,0.8253336995632614,9.824023181102019e-05,0.06700612559152952,0.9963000680621281,12.146887412993237,650.4546993288575,6.062314987182617,0.060330747542734854,0.05145409964625874,0.042763332142332806,0.04200714491420966,0.08056339229647902,0.0637651684399171,0.05505980696620011,0.05378576824047494
54.0,0.09345368602097509,0.05721357417970786,0.36240110624335925,0.17221238670160824,4.754718149120243,0.8277464714356275,9.808478636200873e-05,0.06800761595628568,0.9963111957328477,12.260763195998152,644.4133920292046,6.061277389526367,0.06197621107571694,0.05315220477158656,0.04356941131397068,0.043339779819409875,0.0811653941556027,0.06532317987795647,0.05533537796167003,0.053876241634916625
55.0,0.09417479079126663,0.05799798142702923,0.36176808582968445,0.17248151189291752,4.732164452640546,0.8274740226403654,9.79228979248986e-05,0.06902577579110236,0.9963225086199011,12.259774938996998,644.4653380110418,6.062314987182617,0.063672192432477,0.05396780192204783,0.04422942844368297,0.043614897829421025,0.08290461217835467,0.06562639293077775,0.05636988039246951,0.05517656500301053
56.0,0.09337584853715465,0.057404998222637324,0.35970849582566866,0.1700778449431143,4.740766418265355,0.8298889612369998,9.775458841941145e-05,0.07006049343127341,0.9963340054825697,12.25072996498784,644.9411604517268,6.061277389526367,0.06255997578624772,0.053714850595228784,0.043141480379595816,0.04262380785717515,0.0830973118195245,0.06528483730050462,0.05578932853615511,0.054740723982528224
57.0,0.0932621446542688,0.057495108105543064,0.3576703643575528,0.1667516710840891,4.772967401146512,0.8332046450821452,9.757988063468275e-05,0.07111165539614772,0.9963456850599572,12.42837889600196,635.7224917355588,6.062314987182617,0.06306645494376498,0.053343502374795765,0.04254122361109571,0.041788179873211144,0.08344300424279194,0.06580507702583882,0.055421011898648086,0.05375988450315264
58.0,0.09360576394712936,0.05789191637425359,0.3571384691117821,0.16565829363446827,4.7870044946640355,0.8343099587145614,9.739879822617599e-05,0.07217914640157447,0.9963575460711286,12.198824191989843,647.6853732499942,6.061277389526367,0.06313722169578974,0.053479212786763757,0.042266939060559075,0.041677868269026946,0.08556468327357052,0.06691479801402545,0.055842731849978476,0.05366603180347197
59.0,0.09381384494738132,0.05829771786198301,0.35516126744129467,0.1655309048804614,4.740759188820178,0.8344363877930501,9.721136571247983e-05,0.07326284937254723,0.9963695872152505,12.312447274001897,641.7083317532819,6.062314987182617,0.06418152710665827,0.0536364914758945,0.04274334966653754,0.041563702229394955,0.08523576252097417,0.06756017980028371,0.05625507040004844,0.0543563058738557
60.0,0.0942227851277423,0.058746809670988054,0.3547597434298628,0.16295629083816046,4.795086407054906,0.8370172796091269,9.701760847198826e-05,0.0743626454560436,0.9963818071717339,12.129846598996664,651.3685012845539,6.061277389526367,0.06381579723113623,0.05529615415398739,0.04329279469381465,0.041757392852417544,0.08551263797585262,0.06763250708462454,0.05678386197916205,0.054478946574740075
61.0,0.09584013416320218,0.060462400741538525,0.3537773314630996,0.16230257051818778,4.786869124270228,0.837674066999595,9.681755273946427e-05,0.07547841403406019,0.9963942046003784,12.265520553002716,644.1634471083056,6.062314987182617,0.06761715302230618,0.056352604244254596,0.04379649677872658,0.0427664846366404,0.089030902902481,0.06984632675136838,0.05759120143858003,0.05546541520829737
62.0,0.09593611337417078,0.06081115966574359,0.35124952997411146,0.16012697001979737,4.778064095178838,0.8398617553101387,9.661122560248782e-05,0.07661003273684125,0.9964067781415205,12.253610626008594,644.789543355485,6.061277389526367,0.0680065691229296,0.05726570757181664,0.0437998538594052,0.04241274420381088,0.08858072407769435,0.06989987592298195,0.058189270183070275,0.05535299434089476
63.0,0.09460340464225284,0.059498017465931724,0.3510538582001558,0.15926334548563825,4.794762984361396,0.8407154725995369,9.639865499778804e-05,0.07775737745629946,0.9964195264161811,12.24543898498814,645.2198250863811,6.062314987182617,0.06578195118951893,0.05542166483017706,0.04279991437799682,0.04071174113583782,0.09055308172826738,0.06996408817153307,0.05735671386970737,0.05461779651996152
64.0,0.09534275089128307,0.060295216659023376,0.3504753329303955,0.15822416116785148,4.80627939233658,0.8417643669315146,9.617986970746067e-05,0.07892032235962687,0.9964324480262181,12.11651518898725,652.0851809917468,6.061277389526367,0.06747904193589438,0.056780538883236926,0.04311994133195328,0.0413404125374617,0.09008170146691172,0.07123618741947753,0.0580054507614516,0.05417948560656452
65.0,0.0947232676554203,0.05977704923483499,0.34946217523045425,0.15826626679117567,4.7798978525269655,0.8417225949086202,9.595489935507091e-05,0.0800987399030959,0.9964455415544788,12.19454634700378,647.9125811794786,6.062314987182617,0.06708096696975384,0.056676505525161576,0.0428394385461036,0.04110137782198318,0.0904010119534862,0.0700751999739506,0.057193791025085594,0.054795907750245065
66.0,0.09500032066525636,0.06015823436402366,0.34842085314768656,0.15711935893702605,4.782537501004056,0.8428778878843735,9.572377440164241e-05,0.08129250084604694,0.996458805564956,12.069025670993142,654.6510228236045,6.061277389526367,0.06767921288486434,0.05698759555187909,0.042536491265681556,0.040547007579125,0.09160101401058444,0.07110764719360503,0.057890996411666944,0.05508129000663757
67.0,0.09633851124412454,0.06169705434647289,0.346414568439011,0.1539792837960526,4.81088226853315,0.8460079243538908,9.548652614153283e-05,0.08250147426506282,0.9964722386029451,12.214964464001241,646.829552659368,6.062314987182617,0.06981066024949398,0.058424722124170235,0.04328921239220189,0.04069594893808539,0.09325118456515422,0.07290471004128223,0.058538889232559586,0.05557298641881825
68.0,0.09657736877944859,0.06194854025191377,0.3462882794816046,0.15322337767592323,4.826622643571551,0.8467742947291278,9.524318669819665e-05,0.08372552756832763,0.9964858391952036,12.139016348999576,650.8764608963685,6.061277389526367,0.06908438738866068,0.05839551977923351,0.042935566836424875,0.04077648709430364,0.09538211763327849,0.07394964046677562,0.059040105176471167,0.055272139399405944
69.0,0.09888045549196557,0.06432970107420233,0.3455075397663155,0.15430276491358044,4.780119498580818,0.8456947777244415,9.49937890198355e-05,0.08496452651016828,0.996499605850113,12.2154024449992,646.8063607052545,6.062314987182617,0.0730522799751033,0.060753838040074934,0.04535305991708508,0.04245004988433909,0.0969264748949778,0.07635051732669111,0.061517741434853786,0.057292383855954185
70.0,0.09890470769854681,0.06435819610495037,0.34546511137188274,0.15261102660805828,4.821352214665975,0.8474008894588295,9.47383668749371e-05,0.08621833520577787,0.996513537057842,12.187615121991257,648.281055884632,6.061277389526367,0.0719587830396799,0.061701296867171594,0.0452795152026828,0.04256974585315724,0.09630239480420162,0.07631944287458114,0.0615519533451662,0.057471979687235816
71.0,0.09801908097373822,0.06363566224333034,0.3438341824212658,0.15144916466068217,4.809625567190105,0.8485692585741262,9.447695484770295e-05,0.08748681614611836,0.9965276312905125,12.231001509004273,645.9814426630073,6.062314987182617,0.07314879734827755,0.06005245354822558,0.043680159777402874,0.0410143129750548,0.09719666336557548,0.07649213584169509,0.059739484156600735,0.0563411384056776
72.0,0.09838061733625159,0.06417865258140694,0.3420196400874929,0.1492733999062695,4.8186561517241095,0.850746058464171,9.42095883333656e-05,0.08876983021300178,0.9965418870023667,12.253597889997764,644.7902135298028,6.061277389526367,0.07399902158770068,0.06154988382041939,0.04369372194700868,0.04079993454867242,0.09680874307047237,0.07599989304029608,0.06068715779770942,0.05635192906637275
73.0,0.09708464144906007,0.06286667588258481,0.3421796465686508,0.14953504561427394,4.816115152291173,0.8504795801517345,9.393630353339624e-05,0.09006723669434769,0.9965563026299372,12.335874798998702,640.4896392626586,6.062314987182617,0.07128980719971513,0.06000326447669537,0.04268108932553111,0.03949082870009943,0.0989069051577289,0.07647290894570341,0.06001493583122889,0.055527922569536696
74.0,0.10283761693584574,0.06859351242702078,0.34244103663904035,0.14949477301860306,4.823656714395577,0.850536921426867,9.365713745060281e-05,0.09137889329961535,0.996570876592218,7.1851371840020875,1099.6310575101895,6.061277389526367,0.08004775919622688,0.06620805272751372,0.04738288172252515,0.04361062572174466,0.10366391432912726,0.0823975712707527,0.06572526002100017,0.05927011140009536
75.0,0.0999887677166767,0.06580586138857632,0.34182905075052483,0.14964698732404705,4.804551731708789,0.8503701645442918,9.337212788412004e-05,0.09270465617540957,0.9965856072908379,9.271597114013275,852.1724901158909,6.062314987182617,0.07618980959676802,0.06410866778671212,0.045138967137129817,0.04201477135115481,0.10125627499888776,0.07920340397152713,0.06267023800475352,0.058087206055079735
76.0,0.09780921041588288,0.06377898402009459,0.34030224680674254,0.14862402717971512,4.7919556217365,0.8513992798206188,9.30813134242913e-05,0.09404437992125703,0.9966004931102362,7.469871734007029,1057.715618332539,6.061277389526367,0.07305070830260212,0.06170522041210142,0.043132207136460016,0.03964758600166183,0.09976195763325463,0.07801406241174955,0.06121300201239055,0.05626760601398334
77.0,0.1002138816541606,0.06630708775125324,0.3390679235790911,0.14602950391490585,4.8259605914184585,0.8539940872957036,9.278473344744348e-05,0.09539791760555316,0.9966155324178395,7.233677020005416,1092.252249879147,6.062314987182617,0.07673177219964013,0.0642918884813726,0.044260507291791776,0.0401464259104603,0.10287430308506,0.08012451023624548,0.06293599030271692,0.05768063222920453
78.0,0.10030126155607158,0.06637140946176788,0.3392985072819104,0.14577250097004948,4.838150224177509,0.8542691621730907,9.248242811055548e-05,0.09676512078167637,0.9966307235642409,12.273323157001869,643.7539286572536,6.061277389526367,0.07587370003887157,0.06406869001576466,0.04400923393058372,0.04015724675371012,0.10416563484806421,0.08167594306694988,0.06282007813097117,0.05726643313605144
79.0,0.1002002612318348,0.06643830975778132,0.3376195108780392,0.14637089370096987,4.781215547383729,0.8536406926543875,9.217443834582088e-05,0.09814583950426908,0.9966460648833808,12.210722859002999,647.0542400505446,6.062314987182617,0.07636887884658317,0.06392105710872692,0.043959336755005456,0.03969305302344912,0.10384493632644964,0.08195146606838116,0.0631156892591632,0.05753157936709877
80.0,0.0996765841150824,0.06593770888459455,0.33738874802558033,0.14488066320795906,4.8127022800438315,0.8551560735690444,9.186080585510581e-05,0.09953992234568193,0.9966615546927298,12.28058755400707,643.373125695599,6.061277389526367,0.07497544117462941,0.0647785741805045,0.04377485445820459,0.03926659408628632,0.10173273260830439,0.08120390608230757,0.06271869398622593,0.05708160555033932
81.0,0.10061883823794061,0.06694357219926467,0.3367526490406784,0.1441800693532603,4.814314566659197,0.8558815328430004,9.154157310430233e-05,0.10094721641258203,0.9966771912934731,12.277941909997026,643.5117593744923,6.062314987182617,0.07831142418531903,0.06451432346406145,0.04367840725183487,0.039359463949690664,0.10441885100209654,0.08354549588901657,0.06264494859264712,0.057529354177753365
82.0,0.10186525638036194,0.06834730128274961,0.33517953728199185,0.14246467979870753,4.817871595089865,0.8575924377836105,9.121678331757881e-05,0.10236756736272073,0.9966929729706969,12.252377388998866,644.8544432767906,6.061277389526367,0.080358500110692,0.06685969039676636,0.044457803801774234,0.03990914299309625,0.10499690467435302,0.08379322806914964,0.06458531536218774,0.05782295811095519
83.0,0.10178736373056053,0.06820817945701625,0.3357918323549858,0.14320941007057333,4.814560639980457,0.856830372710482,9.088648047152714e-05,0.1038008194218612,0.9967088979935762,12.285187487999792,643.1322279548212,6.062314987182617,0.07842938127164134,0.0669666166387258,0.044682100933030766,0.0398344634272528,0.10825703134352035,0.08593774735302795,0.0649829750683734,0.058280847266977666
84.0,0.1078577913742792,0.07418979309454943,0.33667997579652437,0.14364996380465586,4.825750444617668,0.8564000070178046,9.055070928920835e-05,0.1052468154008625,0.9967249646155651,12.254637253005058,644.7355263871668,6.061277389526367,0.08733351261187823,0.07340738618708534,0.0494289997048403,0.0440479196224016,0.11246601456090023,0.0920736718577511,0.07116948424375191,0.0628221470202545
85.0,0.10398114798054214,0.07042829290837702,0.33552854470913357,0.14387642057798072,4.791303198543655,0.8561616525018144,9.020951523409717e-05,0.10670539671291873,0.9967411710745879,12.271738871000707,643.8370375261829,6.062314987182617,0.08261160236965438,0.0702787481196894,0.046850069005343574,0.04186860554395838,0.10919844709821801,0.08732254655910983,0.06691422524447782,0.06079170997104337
86.0,0.10274429075205843,0.06931945868001499,0.33424831593569254,0.14279445476991257,4.786346559569196,0.85726063852898,8.986294450392622e-05,0.1081764033909523,0.9967575155932328,12.214344558000448,646.8623807427155,6.061277389526367,0.08162685987437784,0.0688992884591662,0.04524941897369103,0.03998034233917932,0.10891795779135985,0.08705680732110246,0.06654343059811453,0.05923562822629459
87.0,0.10372421023793167,0.0704204179153248,0.3330379126268374,0.1401371263715379,4.822519763091473,0.8599148213584247,8.951104402443078e-05,0.10965967410515753,0.9967739963789461,12.233365170992329,645.8566297632312,6.062314987182617,0.08264482350185,0.06947821670478874,0.045156141249952084,0.03944336343367733,0.11035460196857472,0.08852378792753388,0.06679699782708391,0.05919256407782865
88.0,0.10501068033095991,0.07166217126913153,0.3334850805452422,0.14010483257160386,4.834506364128829,0.859959460152748,8.915386144299515e-05,0.11115504618069433,0.9967906116242299,12.243744163002702,645.3091386762796,6.061277389526367,0.08337568475972468,0.07074059576823793,0.04579324446705467,0.04063000468485946,0.11299942595376553,0.0906286377850901,0.06804201645722774,0.05995780774149071
89.0,0.10529347556201042,0.0720734636537064,0.3322001088346021,0.14095486091927717,4.781131307681351,0.8590951921471824,8.879144512220109e-05,0.11266235561552934,0.9968073595068392,12.407375637994846,636.7986454609252,6.062314987182617,0.08383003486239392,0.07119828462600708,0.04642798528376861,0.040226877261246886,0.11262800673855727,0.09184681556996752,0.0689316910078701,0.06031075472154589
90.0,0.10545119281479594,0.07225114762605768,0.3320004415503032,0.13959203849275148,4.81021017877984,0.8604698574870406,8.842384413327956e-05,0.11418143709842243,0.9968242381899824,12.086092558005475,653.7265838467047,6.061277389526367,0.0840328878011459,0.07317237408200572,0.04665731893907679,0.040378263299329295,0.11122449186810277,0.09102978802761853,0.06863012912980748,0.060699182401760365
91.0,0.10607121129486172,0.07290507053373856,0.3316613962651506,0.1391877643881893,4.8118409539548495,0.8609103913579376,8.805110824946645e-05,0.115712124027057,0.9968412458225229,12.417339692998212,636.2876586564795,6.062314987182617,0.08693843246593301,0.07222625746940955,0.04649947854876518,0.04016368618567539,0.11350248106594743,0.09312525107747033,0.06839321912438781,0.06078833941171861
92.0,0.1082916429183586,0.07521575201411683,0.3307588968627318,0.1376526044518295,4.827657372841969,0.8624528545682121,8.767328793926329e-05,0.11725424852631144,0.9968583805391812,12.354282202009927,639.5353344538771,6.061277389526367,0.09044954628054559,0.07528401838570106,0.04764772129630645,0.041564893759709634,0.1153162620735891,0.0944795352647979,0.07133844462319835,0.06126674735649973
93.0,0.10714316804708371,0.07402634474125531,0.33116822581610456,0.13832481244314684,4.821085403183113,0.861736842272116,8.729043435960381e-05,0.11880764146667117,0.9968756404607408,12.272917727997992,643.77519470986,6.062314987182617,0.08626532990612343,0.07535693415951344,0.04716943736587252,0.04060982607055942,0.11731569531253111,0.09537477925638482,0.0706361073667441,0.06140935808512449
94.0,0.11196536054687853,0.07883382250845183,0.33131537296669106,0.1382858599270315,4.8257379419003055,0.8618063400582624,8.690259934892726e-05,0.12037213248277673,0.996893023694253,12.415381133003393,636.3880347577116,6.061277389526367,0.09544647968497266,0.07995993377855418,0.051362986558394906,0.04385718945989904,0.11977353899102462,0.09988547682291893,0.07516924580625454,0.06408499329978726
95.0,0.10979478461687935,0.07667111697630435,0.33123667133622436,0.1391999052172446,4.80091929740505,0.8608607002307065,8.650983542015949e-05,0.12194754999210905,0.9969105283332457,12.151922029006528,650.1852119475737,6.062314987182617,0.090922940043089,0.07848531766799219,0.05004311445549395,0.04314099499519835,0.11832881807135925,0.09746443655234974,0.0732883157947048,0.06422985861859014
96.0,0.10802400731886509,0.07502972516055018,0.32994281100466377,0.13835849136834566,4.789608123981112,0.8617286780426403,8.61121957536027e-05,0.1235337212138069,0.9969281524579312,12.005779447004898,658.0997122990691,6.061277389526367,0.08995948725866403,0.07675719034822681,0.048130177895459765,0.04098612043207776,0.11679209615168232,0.09614018528022576,0.0722803642063466,0.06246050176908023
97.0,0.10775129939408834,0.07489454700416921,0.3285675133433376,0.13545170121216468,4.827895349044616,0.8646202611856831,8.570973418973482e-05,0.12513047218761653,0.996945894135418,12.193840444990201,647.9500888701639,6.062314987182617,0.0887188868569623,0.0761740967467591,0.04667041437163358,0.03929810386158632,0.11674121933788767,0.09648081051343083,0.07147166545118265,0.06146938344578684
98.0,0.10854479212230436,0.0756519463315461,0.32892844596930265,0.13547153194378245,4.836422959214116,0.8646267262112867,8.530250522191947e-05,0.12673762779297054,0.9969637514199219,12.259194186000968,644.4958681723402,6.061277389526367,0.0892113556813954,0.07676168427678752,0.04676620136010179,0.03991327020857069,0.11966411333074443,0.09798058961631083,0.07192285247481357,0.061672803747606086
99.0,0.10934066614038264,0.07654292199611211,0.3279774313696637,0.1366146094639714,4.784070684975905,0.8634620148793698,8.489056398902754e-05,0.12835501176819353,0.9969817223529799,12.420362375996774,636.1328084331291,6.062314987182617,0.09011263497497725,0.07740355465409778,0.04779971813262716,0.04012255685952689,0.1196145983602559,0.09962675366245333,0.07386121550800787,0.06255690970984329
100.0,0.10944849580673459,0.07668735042691548,0.3276114491454681,0.13539045848449321,4.805524856346255,0.864694672948936,8.447396626797144e-05,0.1299824467298336,0.9969998049636648,12.26420272901305,644.2326643303804,6.061277389526367,0.09047265859750601,0.08016134410603973,0.04844697598773654,0.04027538398386901,0.11750294346558421,0.09833608047496638,0.07308814405652991,0.06289556923876988
101.0,0.11022953964452052,0.07744351660069175,0.32786022547814925,0.1353364954710218,4.813093360926951,0.8647869334705509,8.405276846615291e-05,0.1316197541921164,0.9970179972688012,12.403331004999927,637.0063007118825,6.062314987182617,0.09330407796538952,0.07927647809314932,0.04810635444521904,0.04030080365691761,0.11981713724841038,0.10110452783013148,0.07310802504849533,0.06295929593447397
102.0,0.11133414921262962,0.078661156273457,0.32672991615777497,0.13347714862809454,4.831319278953136,0.8666538405216219,8.36270276138253e-05,0.13326675458652004,0.9970362972731835,12.20138896399294,647.5492276589447,6.061277389526367,0.09442499201389645,0.08100453013084769,0.04845000273617017,0.04048599191242345,0.12068361687389287,0.10168042517753237,0.0750835721209369,0.06282530325426136
103.0,0.11118578510244592,0.07842636273139157,0.32759421640235464,0.1347102578222533,4.822099080343455,0.8653788948312559,8.319680135637188e-05,0.1349232672814693,0.9970547029697941,12.158818088995758,649.8164494418037,6.062314987182617,0.09196812708774406,0.08231589516564723,0.04867063790674835,0.04039378852225848,0.12394579045026431,0.10310384868575842,0.07510471141071824,0.06404411540557972
104.0,0.11216049818936186,0.07944394930595537,0.3271654799020437,0.13399298080589603,4.829312594657215,0.8661227398787159,8.27621479465004e-05,0.13658911060214574,0.9970732123400239,12.065858852991369,654.8228432194185,6.061277389526367,0.0950667713520795,0.08279037908339892,0.04954840269388329,0.04071775922148498,0.12164765226213556,0.1045429252190938,0.07604946100578425,0.06377099020417984
105.0,0.11109659192290823,0.07839263679803647,0.32703954203191277,0.13543523833346116,4.790107704539674,0.864647207569735,8.232312623635589e-05,0.1382641018504126,0.9970918233538935,12.111849824999808,652.3363577124046,6.062314987182617,0.09311724288847671,0.08251667828809356,0.04906965918559765,0.040858736824482045,0.12227282904509928,0.10211116354219718,0.07579580876377853,0.06394347734749317
106.0,0.1120777475790138,0.07944123941729332,0.32636507213636223,0.13534812159329906,4.775423869982865,0.8647509488391357,8.187979566955194e-05,0.139948057324852,0.9971105339702762,12.288397249998525,642.96424010877,6.061277389526367,0.0954475339487014,0.08373465322995488,0.049746548613955145,0.040997285642222554,0.12306380981339912,0.10414451769928434,0.07731863333205641,0.06464639261140297
107.0,0.11458799636012436,0.08204098026683218,0.32547015667625534,0.13283954515870258,4.815765385687494,0.8672749913654634,8.143221627312207e-05,0.14164079234091187,0.9971293421371212,12.261624872000539,644.3681063871037,6.062314987182617,0.09809052321711197,0.08605850147796082,0.051361735610716594,0.04140063866398639,0.12600378211814023,0.10655917493674048,0.07863851210371178,0.06573992152027633
108.0,0.11549656754158039,0.08288473444673143,0.3261183195363991,0.13271925975108295,4.8349766631682245,0.8674158842378652,8.098044864939205e-05,0.14334212125116091,0.9971482457916796,12.258823362004478,644.5153638879159,6.061277389526367,0.09847043027829884,0.08641555967002079,0.05122096291402491,0.04212293970597021,0.128870578280819,0.10882562186253787,0.07954271852316433,0.06608825329556522
109.0,0.1204390916857836,0.08782711471391469,0.32611976418898325,0.1344473301806098,4.79181091418192,0.8656447989897492,8.052455396777431e-05,0.14505185746564925,0.9971672428607294,12.264124114008155,644.2367939652071,6.062314987182617,0.10568876765344454,0.09155443614963497,0.05569402119408735,0.0458741142913019,0.1329529923102326,0.11425773836061602,0.08504261808177349,0.07042567057548
110.0,0.11555314492898687,0.0830423926286057,0.3251075092870485,0.13284549440723206,4.8065505228137955,0.867265925801505,8.006459395648564e-05,0.14676981347237206,0.9971863312608041,12.273831226004404,643.7272807907165,6.061277389526367,0.09936884250396337,0.08900781967176878,0.05191531387886199,0.04231426150687618,0.12580657888341834,0.10725213237532967,0.07963279223541006,0.06660756203931004
111.0,0.11789484857124793,0.08537039310004105,0.3252445463288692,0.13290340974012246,4.808528508042825,0.8672519231533615,7.960063089418913e-05,0.1484958008578347,0.9972055088984204,12.388235525999335,637.7825141779133,6.062314987182617,0.10346878347908955,0.08953110867331171,0.05326303815841675,0.043205422836560585,0.13024305287253093,0.11246147858245033,0.08129383467229796,0.06793106672091362
112.0,0.11584166090837869,0.08342452593022337,0.3241713459416894,0.13068768556620286,4.83709162758085,0.8694529669101654,7.913272760156166e-05,0.15022963032771697,0.9972247736703079,12.148155255999882,650.3868145822187,6.061277389526367,0.10048437874167251,0.08831430959507702,0.050347899588852406,0.04117263650633937,0.12737136526089726,0.10953692456640571,0.07988862681934852,0.06537220710013981
113.0,0.11509503911883148,0.08263758843423535,0.324574492669018,0.13207343576030178,4.812526477286973,0.8680343083785526,7.866094743278798e-05,0.15197111172763295,0.9972441234636403,12.2261362499994,646.2385040081971,6.062314987182617,0.09784178928526227,0.08939886874248905,0.05033135529190417,0.04066935202754136,0.12953913151063443,0.11034876333092744,0.07957553663631765,0.06568929654525898
114.0,0.11569618056045576,0.08328890518332838,0.3240727432587979,0.13130932312693086,4.819085614890362,0.8688389005924747,7.81853542669825e-05,0.1537200540639862,0.9972635561562665,12.416579568001907,636.3266112642839,6.061277389526367,0.09998900862135125,0.08975300391899767,0.0505655463765429,0.04063059633847364,0.1268292998640161,0.11103765563616856,0.0803175335134155,0.06540530033849651
115.0,0.11519888382880782,0.08278542443300829,0.32413457822322905,0.13292491226471795,4.780241716633777,0.8671654958979056,7.770601249954009e-05,0.1554762655249166,0.9972830696169435,12.194320088994573,647.9246027936143,6.062314987182617,0.09865237133843559,0.08986296358372123,0.05081020677701021,0.04102626759955223,0.12825770782686477,0.10913264137018754,0.08059023709460997,0.06646507575867637
116.0,0.11584739419002803,0.08347747053391359,0.32369922183537964,0.13291153643285455,4.769692183536693,0.8672078843811406,7.722298703341689e-05,0.15723955350133678,0.9973026617055704,12.099897273001261,652.9807503101416,6.061277389526367,0.10055235341975563,0.09043134924983173,0.051246313097641466,0.041237990131120165,0.12834247177136185,0.11116782142155206,0.08162406406766075,0.0670550441622135
117.0,0.11717459079269034,0.0849184576502602,0.32256131463527016,0.13018492841898618,4.809409755496281,0.8699386795100313,7.673634327034247e-05,0.15900972460805643,0.9973223302734229,12.371728540994809,638.6334758170083,6.062314987182617,0.10225011022220104,0.0912007922892804,0.05143536737494147,0.040621703192138287,0.13004471197432765,0.11255791976550239,0.08190155082674169,0.06651671095885367
118.0,0.11872364461437054,0.08643077652905655,0.32292866426213696,0.1302043192334725,4.818108792094366,0.8699485316123861,7.624614710196445e-05,0.16078658470499108,0.9973420731633887,12.286330511997221,643.0723959676095,6.061277389526367,0.10330598132694187,0.09241737039218395,0.05187199164422926,0.041552075066211634,0.13449008909281507,0.11535684887422334,0.08314561921126346,0.06758712728818257
119.0,0.11998563054550632,0.08767637041339753,0.32309259535194784,0.13134779635410854,4.793620080830794,0.868769521276312,7.575246490092668e-05,0.16256993891845428,0.997361888210205,12.11803753300046,652.0032619542226,6.062314987182617,0.10506045598050823,0.09395926233798237,0.05318345539724296,0.04277915043825925,0.133464322693711,0.11724652191166018,0.08548627624928833,0.06896983150692422
120.0,0.11904729852577113,0.0868524437080213,0.3219485390474488,0.13029496120532968,4.791339582166344,0.8698325721980077,7.525536351188244e-05,0.16435959166253,0.9973817732406948,12.085389386003953,653.7646200419591,6.061277389526367,0.10373191038767497,0.09592314267700369,0.05303100896353769,0.04188551062746987,0.13127914506789537,0.11387615179169107,0.08415564211448694,0.06839555386259802
121.0,0.11928263604226044,0.08707651652470222,0.3220611801857798,0.13014723250019808,4.797848833164012,0.8700230178041196,7.475491024244364e-05,0.166155346660523,0.9974017260740058,12.26981497000088,643.9379908594851,6.062314987182617,0.1052532322863315,0.093761049847827,0.05237760615348816,0.041592777544253876,0.13289198276444608,0.11775168723293714,0.08334389236974127,0.06812223168990081
122.0,0.12062209354799136,0.08848775005626491,0.32134342675283883,0.12834443662015263,4.824974866475263,0.8718178150186416,7.425117285406741e-05,0.16795700696648533,0.9974217445218498,12.201140429009683,647.5624181174425,6.061277389526367,0.10712471144919947,0.09595758679921065,0.05269410280167,0.042015013786462635,0.1337076909840107,0.1177065109470451,0.08559355552479901,0.06803528360106477
123.0,0.12257703100144297,0.09037136608057422,0.32205663645754823,0.12983221676044562,4.805610625476207,0.8703174415667922,7.374421955288103e-05,0.16976437498681562,0.9974418263887423,12.33599011899787,640.4836518012587,6.062314987182617,0.10841135462682568,0.10052248451017565,0.05517792045839965,0.04381734887638111,0.13886179119561182,0.1207680480410218,0.08728994277676916,0.07055711008077804
124.0,0.1333750907514174,0.1009547243609321,0.3242036502107218,0.12996343628784748,4.856005464471031,0.8701987023776641,7.323411898044702e-05,0.17157725250193012,0.9974619694722436,12.377936781995231,638.3131647184272,6.061277389526367,0.12475180379032383,0.11202485044374125,0.0642952996398766,0.05130856571738253,0.14662136504524634,0.13063167150203997,0.09693298371374183,0.07863139311067927
125.0,0.12405328850718393,0.09175846983516327,0.32294817649251434,0.13140671417058652,4.78853667251612,0.8687003065763946,7.27209402044689e-05,0.17339544068800175,0.9974821715632001,12.276331576998928,643.5961712539113,6.062314987182617,0.11091467143312897,0.1024395867608495,0.056689361554866244,0.04512520568802002,0.1391748570327189,0.12093503904646692,0.08911669564224994,0.0722313379688609
126.0,0.12023419768859157,0.08807954745320727,0.32154649173197997,0.13037513127158434,4.779284212652935,0.8697672398342934,7.220475270943948e-05,0.17521874013876626,0.9975024304459863,12.128209440998035,651.4564279613746,6.061277389526367,0.1067431634857587,0.09799973830140593,0.05342489961748336,0.042037313860021755,0.1343279692495794,0.1180195215922683,0.08643941815901425,0.06977960775845014
127.0,0.12268813438557957,0.09064591457882708,0.320422185054234,0.12774699713448726,4.816879744168219,0.8723960759563999,7.168562638723265e-05,0.17704695088739095,0.9975227438987487,12.273208923012135,643.7599204545203,6.062314987182617,0.10971042534400677,0.0993687042465934,0.05444380372666853,0.042450795611309954,0.13674726502166104,0.12124500861336533,0.08805042742496699,0.06997630000114441
128.0,0.13138719180304406,0.09917271986967732,0.3221447120254786,0.12832175832491194,4.845573959705453,0.8718532862776126,7.116363152764002e-05,0.1788798724284063,0.997543109693649,12.251683476992184,644.8909666036943,6.061277389526367,0.12019176620933877,0.1083926246084016,0.061143998977108954,0.04831570839541646,0.15045578779299812,0.1308149273728498,0.09537356141081836,0.0767157104719116
129.0,0.12298818575537758,0.09091318516022283,0.32074999335505905,0.12863985934245134,4.802753502199158,0.8715038222763271,7.063883880885356e-05,0.18071730373969566,0.9975635255971077,12.26465876000293,644.2087101327646,6.062314987182617,0.10922777283450831,0.09971200681417974,0.05402909285626431,0.042464393921412866,0.1380648857522774,0.12309760942322309,0.08883286387498526,0.07054186826192634
130.0,0.12160552860271959,0.08961947704361838,0.3198605015027102,0.12762485541673932,4.805891267952474,0.8725215866963723,7.011131928789593e-05,0.18255904330454212,0.9975839893700504,12.192792793997796,648.0057631988516,6.061277389526367,0.10700133140270526,0.10114709737379689,0.05326007926228023,0.04145040200164281,0.13527371578978747,0.1192888771817529,0.08724160894318735,0.06966682547081235
131.0,0.13464452723108836,0.102435908686389,0.3220861777220025,0.12834184721381947,4.843608320038495,0.8718719925552724,6.958114439099925e-05,0.18440488913372935,0.9976044987681525,12.18856558499101,648.2305029994083,6.062314987182617,0.12500958046531485,0.11248059054979911,0.06624930787086487,0.05007064207173476,0.15022857870374406,0.136058671252122,0.09851793625963078,0.0794117306698944
132.0,0.13297947183573885,0.10086001321124571,0.32119457272619645,0.12757440608142373,4.840504288839368,0.8726108124808049,6.904838590393394e-05,0.18625463878769444,0.9976250515420855,12.305158445000416,642.0884408205386,6.061277389526367,0.12491551960457653,0.11123580733935039,0.06210826876514025,0.049332540242191164,0.14859043231064623,0.13193291853148623,0.09656667182853723,0.07679449427162459
133.0,0.12419485575472942,0.09219447395014259,0.32000380560214453,0.1276607449002514,4.808576650248948,0.8725023488050291,6.851311596228902e-05,0.18810808939873025,0.9976456454377637,12.322790149992215,641.1697272962967,6.062314987182617,0.11041780959867045,0.10483647594528814,0.055107861239477474,0.042783864635102295,0.14219091743018164,0.12495589518697008,0.0890918067558025,0.07074387997419596
134.0,0.12232289419055302,0.09034680962985021,0.31976083924371734,0.12680877221413706,4.823801815502252,0.873369193789235,6.797540704170485e-05,0.189965037693234,0.9976662781965915,8.467908176011406,933.0521583101963,6.061277389526367,0.10886362818100984,0.10309033195370049,0.05249751606536785,0.040608200062181535,0.13531056799386676,0.12399331893206113,0.08740608247105006,0.06846291882928665
135.0,0.12158426166018298,0.08960392121675874,0.3198033914869608,0.1285439561423041,4.781486049903645,0.8715973364644497,6.743533194805999e-05,0.19182528001400162,0.9976869475557111,9.473538111997186,834.0073060976299,6.062314987182617,0.10807598754386168,0.10244668236136555,0.052417230823571394,0.04077327635059966,0.1373384013501659,0.12162849208880433,0.08750848041824864,0.06920162420119008
136.0,0.13021733226421256,0.09813410797355719,0.3208322281581573,0.12910420343764537,4.793200704390875,0.8710407797346658,6.689296380761317e-05,0.19368861234256285,0.9977076512482507,5.868015419007861,1346.4518130621864,6.061277389526367,0.12102558774504102,0.1114504898147744,0.061408104279066775,0.04665270979275445,0.14608522746058758,0.13063078531578406,0.0963060754830524,0.07599357354581057
137.0,0.12907827264099933,0.09714369078936147,0.3193458110761709,0.1268206288310308,4.8131296243898145,0.8733424470479271,6.63483760571021e-05,0.195554830321557,0.9977283870035728,12.82642465599929,615.993950917918,6.062314987182617,0.11883826713843886,0.10878581207591694,0.05793193883451235,0.045296640745524704,0.1444515225570553,0.12981614306539824,0.09448701671106899,0.07400119666454723
138.0,0.12908663183975003,0.09711394827907681,0.31972683073523495,0.126633035538393,4.827344936112063,0.8735300598906771,6.580164243380003e-05,0.19742372927714505,0.9977491525475238,12.424204333990929,635.9360959948108,6.061277389526367,0.11867232574290366,0.1081790215276145,0.05769123666359789,0.044454322601920115,0.14791402084849165,0.13074334899949006,0.0935552115454631,0.07361231528850923
139.0,0.12433589746146062,0.09248055987849355,0.318553372582006,0.12719123795158938,4.784053461564642,0.8729602883034394,6.525283696553177e-05,0.19929510424145716,0.9977699456026828,12.179660074005369,648.7044754937647,6.062314987182617,0.11141869840414628,0.10383698754787918,0.05323408019204854,0.041056347987711184,0.14018669363136552,0.1275129277930885,0.09054961214008672,0.07066593168982209
140.0,0.12337194558352312,0.09163305937202802,0.31738885232669284,0.12584917162803289,4.788492212173622,0.8743107181427645,6.47020339606503e-05,0.20116874997507214,0.9977907638886119,12.387267783997231,637.8323402523907,6.061277389526367,0.1094690248905084,0.10563290143801161,0.0531068474939554,0.04051751092925591,0.1384965033791451,0.12394831172343071,0.08958092987290062,0.06959502111294662
141.0,0.12399508438484833,0.09223100512186314,0.317640784729464,0.12569849905243796,4.798557319153473,0.8745055369992238,6.414930799797535e-05,0.20304446098952647,0.9978116051221059,12.27884189398901,643.4645928512084,6.062314987182617,0.11185925444087963,0.10430288365763477,0.05281001728773117,0.040424737937064116,0.1396203504994585,0.1286260463179104,0.0889148425786093,0.0699290685517313
142.0,0.12526993003695422,0.09352735538352006,0.31742573859057627,0.12449506366027335,4.8232669815837905,0.8757031372100126,6.359473391669548e-05,0.20492203156985095,0.9978324670174428,12.258956834994024,644.5083465377788,6.061277389526367,0.11443223842017307,0.10651920590458847,0.05302965373764197,0.040490991112596034,0.14053323910091864,0.1278592259047991,0.09065475110919291,0.06931520668142417
143.0,0.1259562014032204,0.09421919144142159,0.31737009410902817,0.12560168637412814,4.794210346812402,0.8745512233446133,6.303838680623484e-05,0.2068012557971322,0.9978533472866348,12.419383927001036,636.1829255332386,6.062314987182617,0.11316296727002742,0.10992125565967252,0.05464456026158278,0.04202710135850259,0.14466199318324877,0.12970636263333526,0.09139460682626663,0.07096926537337564
144.0,0.12843661822747346,0.09662998103123045,0.31806636009015943,0.1253967204549285,4.8167410965072035,0.8747707297418438,6.248034199608602e-05,0.20868192757109616,0.9978742436396788,12.529105059002177,630.6116807858613,6.061277389526367,0.11705495390666307,0.11297319853986683,0.05630418187036564,0.04285953519577833,0.1421981358528137,0.13296314621347882,0.09369918185599822,0.07201125750473707
145.0,0.1253791488287434,0.09361509234750441,0.31764055502413197,0.1267289615985548,4.772789881389634,0.873407244086341,6.192067504561042e-05,0.21056384063271205,0.9978951537848079,12.133377945006941,651.1789244355793,6.062314987182617,0.11323213710127872,0.10901675919789788,0.054184815763721805,0.041632617280838335,0.14228888827683195,0.1280865526097994,0.09158984665087007,0.07145593669866362
146.0,0.12852696616684933,0.09674077829655597,0.31786187505921204,0.12671079693972467,4.778777111694641,0.8734407513190818,6.135946173380754e-05,0.21244678858681312,0.9979160754287424,12.290883233989007,642.8341925949393,6.061277389526367,0.11802683523309375,0.11358034811945404,0.0573164043319932,0.04326346779395201,0.1451429380747261,0.1320462772502235,0.09576194623528177,0.07351559843849297
147.0,0.13075702452136057,0.0990706355807344,0.3168638747238748,0.1237616607387252,4.827555512193033,0.876432969010098,6.07967780490544e-05,0.21433056492473299,0.9979370062769415,12.248504185001366,645.0583582014034,6.062314987182617,0.12222289205184711,0.11324309909736717,0.057760800707123035,0.04368836144042063,0.14713102143284712,0.1350061021057234,0.09571527052874589,0.07395339091864142
148.0,0.12933295271341114,0.09760060005947059,0.3173235087413725,0.12439094514593929,4.823314162571662,0.875805504879398,6.023270017881686e-05,0.21621496304695365,0.9979579440338551,12.255158185987966,644.708120457692,6.061277389526367,0.11809913620876906,0.11139470262480487,0.05583235179000037,0.0423158403869555,0.14926774149124625,0.13443919259838372,0.09437245273162218,0.07282997996931574
149.0,0.13206234009277065,0.10033796616667148,0.31724373013094215,0.12559329138316921,4.791261072114153,0.874586353051845,5.966730449933367e-05,0.21809977628576424,0.9979788864031751,12.255839359990205,644.6722878722779,6.062314987182617,0.12232874217240707,0.11552887351590885,0.058387078736957754,0.04429984142176838,0.14924319841466288,0.1377452352985007,0.0981352074482806,0.0757046768658211
150.0,0.12934868590671222,0.09776233818154292,0.3158634553497584,0.1241355042542978,4.793198835908605,0.8760369838136552,5.910066756527519e-05,0.2199847979279269,0.9979998310880881,12.2827498849947,643.2598623254803,6.061277389526367,0.11780622616792337,0.11431335362274785,0.05679869999979982,0.043064601711658615,0.1457758322793838,0.13264804558288415,0.0953963391822898,0.073489902333658
