epoch,total,flow,representation,mean_t,mean_s,mean_student_tau,mean_teacher_tau,harder_token_fraction,mask_fraction,velocity_target_rms,learning_rate,weight_decay,ema_momentum,seconds,samples,samples_per_second,peak_gpu_memory_gib,trainable_parameters
1,1.531312142998459,1.2903719694459608,0.9637607163288159,0.49978208113374506,0.49078459868912694,0.49753270850364445,0.33067565397844484,0.5048411590149849,0.25,1.1399721563835563,3.3333333333333337e-06,0.0400095547404416,0.9960001061637827,5.337014719028957,7901,1480.415628577758,5.9943952560424805,94080000
2,1.4128453586995036,1.2290656051368989,0.7351190147784945,0.5045575654864266,0.5020620581236478,0.5039336903685785,0.33558746670683853,0.5008543223659384,0.25,1.140014822264892,6.6666666666666675e-06,0.040038847016218126,0.9960004316335135,4.037735204969067,7901,1956.7900317674569,5.9943952560424805,94080000
3,1.2277995351446895,1.130599207567906,0.3888013113632849,0.4980707213088329,0.4979119345804149,0.4980310206548456,0.33107639180227344,0.5000949246025496,0.25,1.1399698488592513,1e-05,0.04008787618256704,0.9960009764020286,3.6978308140533045,7901,2136.658056386164,5.9943952560424805,94080000
4,1.1488812955447865,1.090694562224946,0.23274692608244643,0.49876479799800877,0.49702827978882513,0.4983306687521853,0.3312125290221707,0.5003480570683855,0.25,1.1399968325857903,1.3333333333333335e-05,0.040156636862309636,0.9960017404095812,4.330746641964652,7901,1824.3967272155398,5.9943952560424805,94080000
5,1.1307516116731424,1.083864410351144,0.18754877877860052,0.4979676711734315,0.5022783252977446,0.4990453368658477,0.3302951135781427,0.49832299694941323,0.25,1.1400001056434805,1.6666666666666667e-05,0.040245121514251525,0.9960027235723806,4.270593938999809,7901,1850.0939477871425,5.9943952560424805,94080000
6,1.1160273692710778,1.0790109771095548,0.14806557426632483,0.49564556914588315,0.5025075320321809,0.497361058989532,0.33236460655327915,0.49724718376120924,0.25,1.1400016214014412,2e-05,0.04035332043401019,0.9960039257826001,4.126184897031635,7901,1914.8439047615038,5.9943952560424805,94080000
7,1.0988911445224425,1.0696030098823728,0.11715254549315694,0.5053780259338908,0.5013585685778382,0.5043731645577588,0.3359296698613101,0.5022465507979031,0.25,1.1400213933356154,2.3333333333333332e-05,0.04048122175507879,0.9960053469083897,4.079994959989563,7901,1936.5220000223264,5.9943952560424805,94080000
8,1.077869649778935,1.0541877468059884,0.09472761505269624,0.4993250335021768,0.49730774447550097,0.4988207126053024,0.3322074745383659,0.5006011897529956,0.25,1.1400179931173262,2.666666666666667e-05,0.040628811450127866,0.9960069867938903,4.440833485976327,7901,1779.1705149383567,5.9943952560424805,94080000
9,1.0579038959653329,1.036992000350619,0.08364758728697487,0.4994840880441237,0.5015451687904057,0.49999935898791686,0.3321895535317211,0.4981964307032934,0.25,1.1399792793686971,3e-05,0.040796073332543814,0.9960088452592505,4.112982554011978,7901,1920.9903996050332,5.9943952560424805,94080000
10,1.0263306810016677,1.0074937724867978,0.0753476115860919,0.5028230321209667,0.5026564890939124,0.5027813992610748,0.3354463555732568,0.4985128463959184,0.25,1.1400012859527469,3.3333333333333335e-05,0.04098298905820391,0.9960109221006467,4.0612915540114045,7901,1945.4402361721734,5.9943952560424805,94080000
11,0.9822238230234519,0.9655869495505065,0.06654749968552526,0.49978208113374506,0.49078459868912694,0.49753270850364445,0.33067565397844484,0.5048411590149849,0.25,1.1399659293767033,3.6666666666666666e-05,0.04118953812748827,0.9960132170903054,4.240378576971125,7901,1863.277029770213,5.9943952560424805,94080000
12,0.937086314132675,0.9221833487082668,0.059611876619539594,0.5045575654864266,0.5020620581236478,0.5039336903685785,0.33558746670683853,0.5008543223659384,0.25,1.1400330616483023,4e-05,0.04141569788752825,0.9960157299765281,4.098544966022018,7901,1927.7573054587183,5.9943952560424805,94080000
13,0.9041175912670086,0.8914151234108351,0.050809852112216176,0.4980707213088329,0.4979119345804149,0.4980310206548456,0.33107639180227344,0.5000949246025496,0.25,1.1399629242192972,4.3333333333333334e-05,0.04166144353469042,0.9960184604837188,4.083867468987592,7901,1934.6857017274099,5.9943952560424805,94080000
14,0.8852493686927088,0.8741091414352502,0.04456090376416636,0.49876479799800877,0.49702827978882513,0.4983306687521853,0.3312125290221707,0.5003480570683855,0.25,1.1399910230000492,4.6666666666666665e-05,0.04192674811729752,0.9960214083124144,4.159212968021166,7901,1899.6382394333295,5.9943952560424805,94080000
15,0.8765745727627537,0.8666917047550702,0.03953146597295302,0.4979676711734315,0.5022783252977446,0.4990453368658477,0.3302951135781427,0.49832299694941323,0.25,1.1400215289152478,5e-05,0.04221158253858376,0.9960245731393176,4.2392094759852625,7901,1863.7908894944799,5.9943952560424805,94080000
16,0.8683803040247117,0.8592771834594481,0.03641248928445937,0.49564556914588315,0.5025075320321809,0.497361058989532,0.33236460655327915,0.49724718376120924,0.25,1.1400029461620096,5.333333333333334e-05,0.04251591555988615,0.9960279546173321,4.113641257979907,7901,1920.6827976730178,5.9943952560424805,94080000
17,0.8638812714763087,0.8552386321126472,0.03457055482181201,0.5053780259338908,0.5013585685778382,0.5043731645577588,0.3359296698613101,0.5022465507979031,0.25,1.140024387569401,5.666666666666667e-05,0.042839713804070534,0.9960315523756008,4.512904841976706,7901,1750.757057075298,5.9943952560424805,94080000
18,0.8608767815653756,0.8528571028963492,0.03207873152926095,0.4993250335021768,0.49730774447550097,0.4988207126053024,0.3322074745383659,0.5006011897529956,0.25,1.1400092410793818,6e-05,0.043182941759192184,0.9960353660195466,4.112624826026149,7901,1921.157492898372,5.9943952560424805,94080000
19,0.8587925802030347,0.8508661300407876,0.031705796786492844,0.4994840880441237,0.5015451687904057,0.49999935898791686,0.3321895535317211,0.4981964307032934,0.25,1.1399947361257496,6.333333333333333e-05,0.04354556178239066,0.9960393951309154,4.54189855104778,7901,1739.580906794429,5.9943952560424805,94080000
20,0.8571363383192848,0.8493362796893529,0.031200226266660837,0.5028230321209667,0.5026564890939124,0.5027813992610748,0.3354463555732568,0.4985128463959184,0.25,1.1400124173785384,6.666666666666667e-05,0.04392753410401784,0.9960436392678225,4.114348845032509,7901,1920.3524780207524,5.9943952560424805,94080000
21,0.8546529707162083,0.8470957661456601,0.03022880959157747,0.49978208113374506,0.49078459868912694,0.49753270850364445,0.33067565397844484,0.5048411590149849,0.25,1.1399659293767033,7.000000000000001e-05,0.044328816831999796,0.9960480979648,4.111856981005985,7901,1921.5162483756872,5.9943952560424805,94080000
22,0.8528124968728873,0.8451624714397294,0.030600116918576153,0.5045575654864266,0.5020620581236478,0.5039336903685785,0.33558746670683853,0.5008543223659384,0.25,1.1400330616483023,7.333333333333333e-05,0.044749365956431364,0.9960527707328493,4.033850981038995,7901,1958.674238869614,5.9943952560424805,94080000
23,0.8509601866153355,0.843463891511506,0.029985181644979483,0.4980707213088329,0.4979119345804149,0.4980310206548456,0.33107639180227344,0.5000949246025496,0.25,1.1399629242192972,7.666666666666667e-05,0.045189135354402554,0.9960576570594933,4.489496778987814,7901,1759.8854368220154,5.9943952560424805,94080000
24,0.850180572708141,0.8426641867954721,0.03006552310853559,0.49876479799800877,0.49702827978882513,0.4983306687521853,0.3312125290221707,0.5003480570683855,0.25,1.1399910230000492,8e-05,0.045648076795057335,0.996062756408834,4.06037230900256,7901,1945.8806726866137,5.9943952560424805,94080000
25,0.8485839169563455,0.8410893443973286,0.029978279176655787,0.4979676711734315,0.5022783252977446,0.4990453368658477,0.3302951135781427,0.49832299694941323,0.25,1.1400215289152478,8.333333333333333e-05,0.04612613994488268,0.9960680682216098,4.204584262974095,7901,1879.139412088096,5.9943952560424805,94080000
26,0.8490230870569768,0.8414096110094319,0.03045389313076798,0.49564556914588315,0.5025075320321809,0.497361058989532,0.33236460655327915,0.49724718376120924,0.25,1.1400029461620096,8.666666666666667e-05,0.04662327237322972,0.9960735919152581,4.278934147034306,7901,1846.4878702272429,5.9943952560424805,94080000
27,0.847153800572795,0.8393865567629073,0.031068986827037768,0.5053780259338908,0.5013585685778382,0.5043731645577588,0.3359296698613101,0.5022465507979031,0.25,1.140024387569401,9e-05,0.047139419558062945,0.9960793268839785,4.114680256985594,7901,1920.1978055491136,5.9943952560424805,94080000
28,0.8453014443274043,0.8376698180054308,0.0305264992301124,0.4993250335021768,0.49730774447550097,0.4988207126053024,0.3322074745383659,0.5006011897529956,0.25,1.1400092410793818,9.333333333333333e-05,0.04767452489194052,0.9960852724987993,4.045737600012217,7901,1952.9195368419696,5.9943952560424805,94080000
29,0.8448620710685546,0.8370934679619558,0.03107441023110951,0.4994840880441237,0.5015451687904057,0.49999935898791686,0.3321895535317211,0.4981964307032934,0.25,1.1399947361257496,9.666666666666668e-05,0.04822852968822233,0.996091428107647,4.478609216981567,7901,1764.1637430749113,5.9943952560424805,94080000
30,0.8441533321233479,0.836340276082397,0.03125224154503372,0.5028230321209667,0.5026564890939124,0.5027813992610748,0.3354463555732568,0.4985128463959184,0.25,1.1400124173785384,0.0001,0.048801373187506436,0.9960977930354168,4.087149548984598,7901,1933.1321022894563,5.9943952560424805,94080000
31,0.8422883247638138,0.8346191290933381,0.030676785050698617,0.49978208113374506,0.49078459868912694,0.49753270850364445,0.33067565397844484,0.5048411590149849,0.25,1.1399659293767033,9.999675607461392e-05,0.04939299256429247,0.9961043665840477,4.049848783004563,7901,1950.9370407006372,5.9943952560424805,94080000
32,0.8410475568641003,0.8332498547337113,0.031190799393392546,0.5045575654864266,0.5020620581236478,0.5039336903685785,0.33558746670683853,0.5008543223659384,0.25,1.1400330616483023,9.998681115190574e-05,0.050003322933872385,0.9961111480325986,4.482223850034643,7901,1762.741055411352,5.9943952560424805,94080000
33,0.8401699770690368,0.8325200154877602,0.030599853084473924,0.4980707213088329,0.4979119345804149,0.4980310206548456,0.33107639180227344,0.5000949246025496,0.25,1.1399629242192972,9.997016570662151e-05,0.050632297359445966,0.9961181366373272,4.116069686016999,7901,1919.5496195900337,5.9943952560424805,94080000
34,0.838918501924011,0.8312525944896264,0.03066361788601351,0.49876479799800877,0.49702827978882513,0.4983306687521853,0.3312125290221707,0.5003480570683855,0.25,1.1399910230000492,9.994682199255739e-05,0.05127984685946252,0.9961253316317717,4.460387440980412,7901,1771.3707843871355,5.9943952560424805,94080000
35,0.8383982373466825,0.8308297502528322,0.030273936523876378,0.4979676711734315,0.5022783252977446,0.4990453368658477,0.3302951135781427,0.49832299694941323,0.25,1.1400215289152478,9.991678317045618e-05,0.051945900415185986,0.9961327322268354,4.107786652981304,7901,1923.4202424475234,5.9943952560424805,94080000
36,0.837765493531451,0.8301913823798975,0.030296446537461528,0.49564556914588315,0.5025075320321809,0.497361058989532,0.33236460655327915,0.49724718376120924,0.25,1.1400029461620096,9.988005330757945e-05,0.05263038497848388,0.9961403376108721,4.507071043015458,7901,1753.0231772680984,5.9943952560424805,94080000
37,0.8375580735092539,0.8299390306700304,0.030476156872535805,0.5053780259338908,0.5013585685778382,0.5043731645577588,0.3359296698613101,0.5022465507979031,0.25,1.140024387569401,9.983663737715682e-05,0.05333322547983865,0.9961481469497759,4.121327899978496,7901,1917.1005539358382,5.9943952560424805,94080000
38,0.8358161019277096,0.8283735898729668,0.029770032768988215,0.4993250335021768,0.49730774447550097,0.4988207126053024,0.3322074745383659,0.5006011897529956,0.25,1.1400092410793818,9.978654125771261e-05,0.054054344836581,0.9961561593870731,4.52607739798259,7901,1745.6617077564151,5.9943952560424805,94080000
39,0.8356075928778818,0.8281611559014127,0.02978574527304258,0.4994840880441237,0.5015451687904057,0.49999935898791686,0.3321895535317211,0.4981964307032934,0.25,1.1399947361257496,9.972977173226982e-05,0.054793663961343386,0.9961643740440149,4.130701009999029,7901,1912.7503977834156,5.9943952560424805,94080000
40,0.8359116131543298,0.8284886373309995,0.029691896269916206,0.5028230321209667,0.5026564890939124,0.5027813992610748,0.3354463555732568,0.4985128463959184,0.25,1.1400124173785384,9.96663364874318e-05,0.05555110177073408,0.9961727900196748,4.498506042989902,7901,1756.3608728084876,5.9943952560424805,94080000
41,0.8337460630242696,0.8265017227664233,0.028977380079825366,0.49978208113374506,0.49078459868912694,0.49753270850364445,0.33067565397844484,0.5048411590149849,0.25,1.1399659293767033,9.959624411234136e-05,0.05632657519422973,0.996181406391047,4.248224286013283,7901,1859.835890965785,5.9943952560424805,94080000
42,0.8333341741226938,0.826055145568447,0.029116107193582676,0.5045575654864266,0.5020620581236478,0.5039336903685785,0.33558746670683853,0.5008543223659384,0.25,1.1400330616483023,9.951950409751795e-05,0.05711999918328603,0.9961902222131476,4.133281992049888,7901,1911.5560020335136,5.9943952560424805,94080000
43,0.8322945933917734,0.8252144349464781,0.028320626320227568,0.4980707213088329,0.4979119345804149,0.4980310206548456,0.33107639180227344,0.5000949246025496,0.25,1.1399629242192972,9.94361268335725e-05,0.057931286720665054,0.9961992365191185,4.0821624679956585,7901,1935.4937638921047,5.9943952560424805,94080000
44,0.8317553075095276,0.824762963136681,0.027969370030433434,0.49876479799800877,0.49702827978882513,0.4983306687521853,0.3312125290221707,0.5003480570683855,0.25,1.1399910230000492,9.93461236098006e-05,0.05876034882997905,0.9962084483203331,4.472269919991959,7901,1766.664387737627,5.9943952560424805,94080000
45,0.8315308215180284,0.824670657970048,0.0274406435700583,0.4979676711734315,0.5022783252977446,0.4990453368658477,0.3302951135781427,0.49832299694941323,0.25,1.1400215289152478,9.924950661265395e-05,0.059607094585448384,0.996217856606505,4.101768878987059,7901,1926.242124580937,5.9943952560424805,94080000
46,0.8312244260028984,0.8244213275993313,0.02721238536120155,0.49564556914588315,0.5025075320321809,0.497361058989532,0.33236460655327915,0.49724718376120924,0.25,1.1400029461620096,9.914628892409025e-05,0.060471431121873864,0.9962274603457986,4.460634388029575,7901,1771.2727187870153,5.9943952560424805,94080000
47,0.8316175721066162,0.824810596021455,0.027227905306268712,0.5053780259338908,0.5013585685778382,0.5043731645577588,0.3359296698613101,0.5022465507979031,0.25,1.140024387569401,9.903648451980193e-05,0.061353263644821576,0.9962372584849425,4.123751204984728,7901,1915.973977879507,5.9943952560424805,94080000
48,0.8300539092796692,0.8234298677704573,0.026496173324290447,0.4993250335021768,0.49730774447550097,0.4988207126053024,0.3322074745383659,0.5006011897529956,0.25,1.1400092410793818,9.892010826732384e-05,0.06225249544101896,0.9962472499493447,4.117509031028021,7901,1918.878608513301,5.9943952560424805,94080000
49,0.8302660067463778,0.8236634509727301,0.026410237141401463,0.4994840880441237,0.5015451687904057,0.49999935898791686,0.3321895535317211,0.4981964307032934,0.25,1.1399947361257496,9.879717592402022e-05,0.06316902788896223,0.9962574336432107,4.346744043985382,7901,1817.6823663985151,5.9943952560424805,94080000
50,0.8301796050724116,0.8236192920180517,0.02624125555185951,0.5028230321209667,0.5026564890939124,0.5027813992610748,0.3354463555732568,0.4985128463959184,0.25,1.1400124173785384,9.86677041349511e-05,0.0641027604697319,0.9962678084496637,3.775706793006975,7901,2092.5883372706594,5.9943952560424805,94080000
51,0.8285054414125352,0.8221776294656953,0.025311238395158378,0.49978208113374506,0.49078459868912694,0.49753270850364445,0.33067565397844484,0.5048411590149849,0.25,1.1399659293767033,9.853171043061849e-05,0.06505359077801737,0.9962783732308669,4.333061760000419,7901,1823.4219675648555,5.9943952560424805,94080000
52,0.8280553479780655,0.8217737484455049,0.025126404361534144,0.5045575654864266,0.5020620581236478,0.5039336903685785,0.33558746670683853,0.5008543223659384,0.25,1.1400330616483023,9.838921322459295e-05,0.06602141453334798,0.9962891268281483,4.26494806795381,7901,1852.5430730017436,5.9943952560424805,94080000
53,0.8275048716160908,0.8214620538956454,0.02417127597393861,0.4980707213088329,0.4979119345804149,0.4980310206548456,0.33107639180227344,0.5000949246025496,0.25,1.1399629242192972,9.824023181102019e-05,0.06700612559152952,0.9963000680621281,4.160995128040668,7901,1898.8246217246663,5.9943952560424805,94080000
54,0.8269303181837999,0.8210493395666791,0.023523911835649107,0.49876479799800877,0.49702827978882513,0.4983306687521853,0.3312125290221707,0.5003480570683855,0.25,1.1399910230000492,9.808478636200873e-05,0.06800761595628568,0.9963111957328477,4.330599665991031,7901,1824.4586453114007,5.9943952560424805,94080000
55,0.8270485208481418,0.821343925810663,0.02281836926401484,0.4979676711734315,0.5022783252977446,0.4990453368658477,0.3302951135781427,0.49832299694941323,0.25,1.1400215289152478,9.79228979248986e-05,0.06902577579110236,0.9963225086199011,4.141069183009677,7901,1907.9613623498203,5.9943952560424805,94080000
56,0.8264130661871113,0.8208409654099856,0.022288402844465108,0.49564556914588315,0.5025075320321809,0.497361058989532,0.33236460655327915,0.49724718376120924,0.25,1.1400029461620096,9.775458841941145e-05,0.07006049343127341,0.9963340054825697,4.118412335054018,7901,1918.457734974798,5.9943952560424805,94080000
57,0.8266816200402519,0.8212009088900433,0.02192284143992488,0.5053780259338908,0.5013585685778382,0.5043731645577588,0.3359296698613101,0.5022465507979031,0.25,1.140024387569401,9.757988063468275e-05,0.07111165539614772,0.9963456850599572,4.446279060037341,7901,1776.9914783382142,5.9943952560424805,94080000
58,0.8252894733392986,0.8200534514921585,0.02094408545731261,0.4993250335021768,0.49730774447550097,0.4988207126053024,0.3322074745383659,0.5006011897529956,0.25,1.1400092410793818,9.739879822617599e-05,0.07217914640157447,0.9963575460711286,4.069189329980873,7901,1941.664385529375,5.9943952560424805,94080000
59,0.8257393883445748,0.8206160644038902,0.020493308051811442,0.4994840880441237,0.5015451687904057,0.49999935898791686,0.3321895535317211,0.4981964307032934,0.25,1.1399947361257496,9.721136571247983e-05,0.07326284937254723,0.9963695872152505,4.1071908620069735,7901,1923.699254662635,5.9943952560424805,94080000
60,0.8253464690040537,0.8203700914320773,0.019905530566008026,0.5028230321209667,0.5026564890939124,0.5027813992610748,0.3354463555732568,0.4985128463959184,0.25,1.1400124173785384,9.701760847198826e-05,0.0743626454560436,0.9963818071717339,4.06870699999854,7901,1941.8945625730325,5.9943952560424805,94080000
61,0.8239761178455176,0.8192749488747523,0.018804678078347136,0.49978208113374506,0.49078459868912694,0.49753270850364445,0.33067565397844484,0.5048411590149849,0.25,1.1399659293767033,9.681755273946427e-05,0.07547841403406019,0.9963942046003784,4.08471553795971,7901,1934.2840221247086,5.9943952560424805,94080000
62,0.8238123986271721,0.8192101425422081,0.018409024075818445,0.5045575654864266,0.5020620581236478,0.5039336903685785,0.33558746670683853,0.5008543223659384,0.25,1.1400330616483023,9.661122560248782e-05,0.07661003273684125,0.9964067781415205,4.1305707020219415,7901,1912.8107397199153,5.9943952560424805,94080000
63,0.8234976048922783,0.8190989857790606,0.017594482774689838,0.4980707213088329,0.4979119345804149,0.4980310206548456,0.33107639180227344,0.5000949246025496,0.25,1.1399629242192972,9.639865499778804e-05,0.07775737745629946,0.9964195264161811,4.470788747014012,7901,1767.2496839124833,5.9943952560424805,94080000
64,0.8227237853924242,0.8184735438760633,0.01700095904203868,0.49876479799800877,0.49702827978882513,0.4983306687521853,0.3312125290221707,0.5003480570683855,0.25,1.1399910230000492,9.617986970746067e-05,0.07892032235962687,0.9964324480262181,4.101522805984132,7901,1926.3576904832569,5.9943952560424805,94080000
65,0.8225903180170294,0.8184995581312823,0.016363028483577294,0.4979676711734315,0.5022783252977446,0.4990453368658477,0.3302951135781427,0.49832299694941323,0.25,1.1400215289152478,9.595489935507091e-05,0.0800987399030959,0.9964455415544788,4.099725507956464,7901,1927.2021955290143,5.9943952560424805,94080000
66,0.8223887561710707,0.8184385902518608,0.015800671137792977,0.49564556914588315,0.5025075320321809,0.497361058989532,0.33236460655327915,0.49724718376120924,0.25,1.1400029461620096,9.572377440164241e-05,0.08129250084604694,0.996458805564956,4.119884823041502,7901,1917.7720590176818,5.9943952560424805,94080000
67,0.8230253367873026,0.8191577716275659,0.015470267134276452,0.5053780259338908,0.5013585685778382,0.5043731645577588,0.3359296698613101,0.5022465507979031,0.25,1.140024387569401,9.548652614153283e-05,0.08250147426506282,0.9964722386029451,4.279165372019634,7901,1846.388095132433,5.9943952560424805,94080000
68,0.8217848486846617,0.8180695906905732,0.01486104110451744,0.4993250335021768,0.49730774447550097,0.4988207126053024,0.3322074745383659,0.5006011897529956,0.25,1.1400092410793818,9.524318669819665e-05,0.08372552756832763,0.9964858391952036,4.112442113982979,7901,1921.2428481692912,5.9943952560424805,94080000
69,0.8223141491254694,0.8186641958767426,0.014599807729239465,0.4994840880441237,0.5015451687904057,0.49999935898791686,0.3321895535317211,0.4981964307032934,0.25,1.1399947361257496,9.49937890198355e-05,0.08496452651016828,0.996499605850113,4.079995164007414,7901,1936.5219031876388,5.9943952560424805,94080000
70,0.821742580504587,0.8182054929017508,0.01414833926140636,0.5028230321209667,0.5026564890939124,0.5027813992610748,0.3354463555732568,0.4985128463959184,0.25,1.1400124173785384,9.47383668749371e-05,0.08621833520577787,0.996513537057842,4.067587940022349,7901,1942.4288095309348,5.9943952560424805,94080000
71,0.8206586148479048,0.8173050137580671,0.013414383379662585,0.49978208113374506,0.49078459868912694,0.49753270850364445,0.33067565397844484,0.5048411590149849,0.25,1.1399659293767033,9.447695484770295e-05,0.08748681614611836,0.9965276312905125,4.0575285400263965,7901,1947.2444671821333,5.9943952560424805,94080000
72,0.8204005532605092,0.8171083552748957,0.013168782022177094,0.5045575654864266,0.5020620581236478,0.5039336903685785,0.33558746670683853,0.5008543223659384,0.25,1.1400330616483023,9.42095883333656e-05,0.08876983021300178,0.9965418870023667,4.064247766975313,7901,1944.0251807974953,5.9943952560424805,94080000
73,0.8201027141388663,0.8169452924620364,0.012629696363558453,0.4980707213088329,0.4979119345804149,0.4980310206548456,0.33107639180227344,0.5000949246025496,0.25,1.1399629242192972,9.393630353339624e-05,0.09006723669434769,0.9965563026299372,4.473061197961215,7901,1766.3518673970327,5.9943952560424805,94080000
74,0.819392923749922,0.8163393266501872,0.012214375144242486,0.49876479799800877,0.49702827978882513,0.4983306687521853,0.3312125290221707,0.5003480570683855,0.25,1.1399910230000492,9.365713745060281e-05,0.09137889329961535,0.996570876592218,4.143191683979239,7901,1906.9839395921103,5.9943952560424805,94080000
75,0.820028975800221,0.8170598206558102,0.011876602494826785,0.4979676711734315,0.5022783252977446,0.4990453368658477,0.3302951135781427,0.49832299694941323,0.25,1.1400215289152478,9.337212788412004e-05,0.09270465617540957,0.9965856072908379,4.148460894008167,7901,1904.561764439389,5.9943952560424805,94080000
76,0.8197360918078599,0.8168478996870473,0.01155276005667322,0.49564556914588315,0.5025075320321809,0.497361058989532,0.33236460655327915,0.49724718376120924,0.25,1.1400029461620096,9.30813134242913e-05,0.09404437992125703,0.9966004931102362,4.127917811041698,7901,1914.0400467436023,5.9943952560424805,94080000
77,0.8199477214750467,0.8171013485342773,0.01138548157876269,0.5053780259338908,0.5013585685778382,0.5043731645577588,0.3359296698613101,0.5022465507979031,0.25,1.140024387569401,9.278473344744348e-05,0.09539791760555316,0.9966155324178395,4.4373859600164,7901,1780.5528009492327,5.9943952560424805,94080000
78,0.818856490245274,0.8161328920170169,0.01089438518803718,0.4993250335021768,0.49730774447550097,0.4988207126053024,0.3322074745383659,0.5006011897529956,0.25,1.1400092410793818,9.248242811055548e-05,0.09676512078167637,0.9966307235642409,4.1082211610046215,7901,1923.2168109634815,5.9943952560424805,94080000
79,0.8193412950832231,0.8166425527990385,0.010794972033609908,0.4994840880441237,0.5015451687904057,0.49999935898791686,0.3321895535317211,0.4981964307032934,0.25,1.1399947361257496,9.217443834582088e-05,0.09814583950426908,0.9966460648833808,4.4777413419797085,7901,1764.5056729665391,5.9943952560424805,94080000
80,0.8187513658855855,0.816153000765338,0.010393467240357094,0.5028230321209667,0.5026564890939124,0.5027813992610748,0.3354463555732568,0.4985128463959184,0.25,1.1400124173785384,9.186080585510581e-05,0.09953992234568193,0.9966615546927298,4.146560094959568,7901,1905.4348228557483,5.9943952560424805,94080000
81,0.8181413457885812,0.8156607732593584,0.009922315487151296,0.49978208113374506,0.49078459868912694,0.49753270850364445,0.33067565397844484,0.5048411590149849,0.25,1.1399659293767033,9.154157310430233e-05,0.10094721641258203,0.9966771912934731,4.5301226989831775,7901,1744.1028698347272,5.9943952560424805,94080000
82,0.8177642582745631,0.8153229085739134,0.009765381685405906,0.5045575654864266,0.5020620581236478,0.5039336903685785,0.33558746670683853,0.5008543223659384,0.25,1.1400330616483023,9.121678331757881e-05,0.10236756736272073,0.9966929729706969,4.118721208011266,7901,1918.3138651462687,5.9943952560424805,94080000
83,0.8179784248394538,0.8156119719319307,0.009465811630092592,0.4980707213088329,0.4979119345804149,0.4980310206548456,0.33107639180227344,0.5000949246025496,0.25,1.1399629242192972,9.088648047152714e-05,0.1038008194218612,0.9967088979935762,4.517513738013804,7901,1748.9708849172862,5.9943952560424805,94080000
84,0.8172558209833021,0.8149465012514143,0.009237265672853908,0.49876479799800877,0.49702827978882513,0.4983306687521853,0.3312125290221707,0.5003480570683855,0.25,1.1399910230000492,9.055070928920835e-05,0.1052468154008625,0.9967249646155651,4.1135059799999,7901,1920.7459618182424,5.9943952560424805,94080000
85,0.8172829686395882,0.815038279911609,0.008978760004073754,0.4979676711734315,0.5022783252977446,0.4990453368658477,0.3302951135781427,0.49832299694941323,0.25,1.1400215289152478,9.020951523409717e-05,0.10670539671291873,0.9967411710745879,4.167654081946239,7901,1895.7907361424627,5.9943952560424805,94080000
86,0.8173993880832335,0.8152056116119938,0.008775120105279909,0.49564556914588315,0.5025075320321809,0.497361058989532,0.33236460655327915,0.49724718376120924,0.25,1.1400029461620096,8.986294450392622e-05,0.1081764033909523,0.9967575155932328,4.240509474009741,7901,1863.219513698898,5.9943952560424805,94080000
87,0.8174501369307575,0.8152858900987654,0.008656987592006482,0.5053780259338908,0.5013585685778382,0.5043731645577588,0.3359296698613101,0.5022465507979031,0.25,1.140024387569401,8.951104402443078e-05,0.10965967410515753,0.9967739963789461,4.202522914973088,7901,1880.061134669767,5.9943952560424805,94080000
88,0.8164961989688475,0.8144003892077658,0.008383248172490117,0.4993250335021768,0.49730774447550097,0.4988207126053024,0.3322074745383659,0.5006011897529956,0.25,1.1400092410793818,8.915386144299515e-05,0.11115504618069433,0.9967906116242299,4.252213192987256,7901,1858.0912201275135,5.9943952560424805,94080000
89,0.8167053938153394,0.8146355367811281,0.008279430505641274,0.4994840880441237,0.5015451687904057,0.49999935898791686,0.3321895535317211,0.4981964307032934,0.25,1.1399947361257496,8.879144512220109e-05,0.11266235561552934,0.9968073595068392,4.104240101994947,7901,1925.0823060180041,5.9943952560424805,94080000
90,0.8165078546529841,0.8145075919371347,0.008001031113370976,0.5028230321209667,0.5026564890939124,0.5027813992610748,0.3354463555732568,0.4985128463959184,0.25,1.1400124173785384,8.842384413327956e-05,0.11418143709842243,0.9968242381899824,4.500717971008271,7901,1755.4976896786054,5.9943952560424805,94080000
91,0.8160169452538205,0.8140942647538295,0.0076906981234036885,0.49978208113374506,0.49078459868912694,0.49753270850364445,0.33067565397844484,0.5048411590149849,0.25,1.1399659293767033,8.805110824946645e-05,0.115712124027057,0.9968412458225229,4.493307091004681,7901,1758.3930588268286,5.9943952560424805,94080000
92,0.8156963789437394,0.8138006461555333,0.007582916230917611,0.5045575654864266,0.5020620581236478,0.5039336903685785,0.33558746670683853,0.5008543223659384,0.25,1.1400330616483023,8.767328793926329e-05,0.11725424852631144,0.9968583805391812,4.1176312409807,7901,1918.8216568218509,5.9943952560424805,94080000
93,0.8158579212082382,0.81399788640448,0.007440139215032657,0.4980707213088329,0.4979119345804149,0.4980310206548456,0.33107639180227344,0.5000949246025496,0.25,1.1399629242192972,8.729043435960381e-05,0.11880764146667117,0.9968756404607408,4.498775388987269,7901,1756.255717798486,5.9943952560424805,94080000
94,0.8151700603797487,0.8133572343708125,0.0072513153591935746,0.49876479799800877,0.49702827978882513,0.4983306687521853,0.3312125290221707,0.5003480570683855,0.25,1.1399910230000492,8.690259934892726e-05,0.12037213248277673,0.996893023694253,4.111844280967489,7901,1921.522183262482,5.9943952560424805,94080000
95,0.815478103143658,0.8137058784140618,0.00708890514967638,0.4979676711734315,0.5022783252977446,0.4990453368658477,0.3302951135781427,0.49832299694941323,0.25,1.1400215289152478,8.650983542015949e-05,0.12194754999210905,0.9969105283332457,4.434570500976406,7901,1781.6832539386517,5.9943952560424805,94080000
96,0.8151837996841458,0.8134556299839544,0.006912684066433527,0.49564556914588315,0.5025075320321809,0.497361058989532,0.33236460655327915,0.49724718376120924,0.25,1.1400029461620096,8.61121957536027e-05,0.1235337212138069,0.9969281524579312,4.079872736008838,7901,1936.5800139465146,5.9943952560424805,94080000
97,0.8154710637453372,0.8137557784102715,0.006861144501172264,0.5053780259338908,0.5013585685778382,0.5043731645577588,0.3359296698613101,0.5022465507979031,0.25,1.140024387569401,8.570973418973482e-05,0.12513047218761653,0.996945894135418,4.059769198996946,7901,1946.1697482586235,5.9943952560424805,94080000
98,0.8146608386623936,0.8129970068162702,0.00665532255637436,0.4993250335021768,0.49730774447550097,0.4988207126053024,0.3322074745383659,0.5006011897529956,0.25,1.1400092410793818,8.530250522191947e-05,0.12673762779297054,0.9969637514199219,4.063618966960348,7901,1944.3259971566856,5.9943952560424805,94080000
99,0.8150065812170166,0.8133397129363251,0.0066674625009030515,0.4994840880441237,0.5015451687904057,0.49999935898791686,0.3321895535317211,0.4981964307032934,0.25,1.1399947361257496,8.489056398902754e-05,0.12835501176819353,0.9969817223529799,4.00792616099352,7901,1971.3437031088993,5.9943952560424805,94080000
100,0.8149082645738054,0.8132867925665889,0.006485872842921228,0.5028230321209667,0.5026564890939124,0.5027813992610748,0.3354463555732568,0.4985128463959184,0.25,1.1400124173785384,8.447396626797144e-05,0.1299824467298336,0.9969998049636648,4.288485609984491,7901,1842.3753088047727,5.9943952560424805,94080000
101,0.8143005201883248,0.8127346191733958,0.006263604761301574,0.49978208113374506,0.49078459868912694,0.49753270850364445,0.33067565397844484,0.5048411590149849,0.25,1.1399659293767033,8.405276846615291e-05,0.1316197541921164,0.9970179972688012,4.1357448199996725,7901,1910.4176741737722,5.9943952560424805,94080000
102,0.8141703448360773,0.8125996708175892,0.006282685452089357,0.5045575654864266,0.5020620581236478,0.5039336903685785,0.33558746670683853,0.5008543223659384,0.25,1.1400330616483023,8.36270276138253e-05,0.13326675458652004,0.9970362972731835,4.12940155796241,7901,1913.352307615883,5.9943952560424805,94080000
103,0.8140020500993506,0.8124800701863162,0.006087909467822916,0.4980707213088329,0.4979119345804149,0.4980310206548456,0.33107639180227344,0.5000949246025496,0.25,1.1399629242192972,8.319680135637188e-05,0.1349232672814693,0.9970547029697941,4.359885254001711,7901,1812.203656678369,5.9943952560424805,94080000
104,0.8135180747700619,0.8120156411369637,0.006009744188631958,0.49876479799800877,0.49702827978882513,0.4983306687521853,0.3312125290221707,0.5003480570683855,0.25,1.1399910230000492,8.27621479465004e-05,0.13658911060214574,0.9970732123400239,4.110134369984735,7901,1922.3215809436772,5.9943952560424805,94080000
105,0.813801027531715,0.8123231255288457,0.005911614069258498,0.4979676711734315,0.5022783252977446,0.4990453368658477,0.3302951135781427,0.49832299694941323,0.25,1.1400215289152478,8.232312623635589e-05,0.1382641018504126,0.9970918233538935,4.135523625998758,7901,1910.5198554129536,5.9943952560424805,94080000
106,0.8134579367840415,0.8120173284138718,0.005762440504084477,0.49564556914588315,0.5025075320321809,0.497361058989532,0.33236460655327915,0.49724718376120924,0.25,1.1400029461620096,8.187979566955194e-05,0.139948057324852,0.9971105339702762,4.126623846997973,7901,1914.6402223570249,5.9943952560424805,94080000
107,0.8137808299837135,0.8123486503787077,0.005728732904381819,0.5053780259338908,0.5013585685778382,0.5043731645577588,0.3359296698613101,0.5022465507979031,0.25,1.140024387569401,8.143221627312207e-05,0.14164079234091187,0.9971293421371212,4.5444834340014495,7901,1738.5914405332344,5.9943952560424805,94080000
108,0.81303158059571,0.8116381169874266,0.005573849340976454,0.4993250335021768,0.49730774447550097,0.4988207126053024,0.3322074745383659,0.5006011897529956,0.25,1.1400092410793818,8.098044864939205e-05,0.14334212125116091,0.9971482457916796,4.161301246960647,7901,1898.684937979622,5.9943952560424805,94080000
109,0.8134088587600994,0.8120059664906346,0.005611556260710411,0.4994840880441237,0.5015451687904057,0.49999935898791686,0.3321895535317211,0.4981964307032934,0.25,1.1399947361257496,8.052455396777431e-05,0.14505185746564925,0.9971672428607294,4.498605575994588,7901,1756.3220127946386,5.9943952560424805,94080000
110,0.8133980665398827,0.8120291655146009,0.005475611826118496,0.5028230321209667,0.5026564890939124,0.5027813992610748,0.3354463555732568,0.4985128463959184,0.25,1.1400124173785384,8.006459395648564e-05,0.14676981347237206,0.9971863312608041,4.154504579026252,7901,1901.791140124791,5.9943952560424805,94080000
111,0.812859802800724,0.8115290058985374,0.005323187080671057,0.49978208113374506,0.49078459868912694,0.49753270850364445,0.33067565397844484,0.5048411590149849,0.25,1.1399659293767033,7.960063089418913e-05,0.1484958008578347,0.9972055088984204,4.5857900060364045,7901,1722.9310521414393,5.9943952560424805,94080000
112,0.8127497790614467,0.8114169611234995,0.005331271751789092,0.5045575654864266,0.5020620581236478,0.5039336903685785,0.33558746670683853,0.5008543223659384,0.25,1.1400330616483023,7.913272760156166e-05,0.15022963032771697,0.9972247736703079,4.108755424036644,7901,1922.9667343493684,5.9943952560424805,94080000
113,0.8125452466470322,0.8112455556293392,0.0051987541504953955,0.4980707213088329,0.4979119345804149,0.4980310206548456,0.33107639180227344,0.5000949246025496,0.25,1.1399629242192972,7.866094743278798e-05,0.15197111172763295,0.9972441234636403,4.183635952009354,7901,1888.5486430063872,5.9943952560424805,94080000
114,0.812101839584816,0.8108165150065314,0.005141293485018894,0.49876479799800877,0.49702827978882513,0.4983306687521853,0.3312125290221707,0.5003480570683855,0.25,1.1399910230000492,7.81853542669825e-05,0.1537200540639862,0.9972635561562665,4.276521317020524,7901,1847.5296658885054,5.9943952560424805,94080000
115,0.8123132078545922,0.8110425869296916,0.00508248133080592,0.4979676711734315,0.5022783252977446,0.4990453368658477,0.3302951135781427,0.49832299694941323,0.25,1.1400215289152478,7.770601249954009e-05,0.1554762655249166,0.9972830696169435,4.084234134992585,7901,1934.5120134779797,5.9943952560424805,94080000
116,0.8121435795082591,0.8109037525939603,0.004959311957239214,0.49564556914588315,0.5025075320321809,0.497361058989532,0.33236460655327915,0.49724718376120924,0.25,1.1400029461620096,7.722298703341689e-05,0.15723955350133678,0.9973026617055704,4.0655258420156315,7901,1943.4140396664639,5.9943952560424805,94080000
117,0.8125391037852504,0.8112947502448248,0.004977418552273633,0.5053780259338908,0.5013585685778382,0.5043731645577588,0.3359296698613101,0.5022465507979031,0.25,1.140024387569401,7.673634327034247e-05,0.15900972460805643,0.9973223302734229,4.519925611966755,7901,1748.0376179381497,5.9943952560424805,94080000
118,0.8118360519952343,0.8106206126898666,0.004861763716800169,0.4993250335021768,0.49730774447550097,0.4988207126053024,0.3322074745383659,0.5006011897529956,0.25,1.1400092410793818,7.624614710196445e-05,0.16078658470499108,0.9973420731633887,4.138600709964521,7901,1909.099368048901,5.9943952560424805,94080000
119,0.812223426474301,0.8109905723453609,0.004931414320474636,0.4994840880441237,0.5015451687904057,0.49999935898791686,0.3321895535317211,0.4981964307032934,0.25,1.1399947361257496,7.575246490092668e-05,0.16256993891845428,0.997361888210205,4.116462269972544,7901,1919.366553565593,5.9943952560424805,94080000
120,0.8123936267717475,0.8111785811090029,0.0048601794900690175,0.5028230321209667,0.5026564890939124,0.5027813992610748,0.3354463555732568,0.4985128463959184,0.25,1.1400124173785384,7.525536351188244e-05,0.16435959166253,0.9973817732406948,4.374120021995623,7901,1806.3061736461668,5.9943952560424805,94080000
121,0.8119592934360295,0.8107542654047011,0.004820102733111867,0.49978208113374506,0.49078459868912694,0.49753270850364445,0.33067565397844484,0.5048411590149849,0.25,1.1399659293767033,7.475491024244364e-05,0.166155346660523,0.9974017260740058,4.08139864198165,7901,1935.855987878658,5.9943952560424805,94080000
122,0.8112968010036964,0.8101238878433229,0.004691666424266901,0.5045575654864266,0.5020620581236478,0.5039336903685785,0.33558746670683853,0.5008543223659384,0.25,1.1400330616483023,7.425117285406741e-05,0.16795700696648533,0.9974217445218498,4.509492923039943,7901,1752.0816940707762,5.9943952560424805,94080000
123,0.8112227428624817,0.8100699430673187,0.004611196019742749,0.4980707213088329,0.4979119345804149,0.4980310206548456,0.33107639180227344,0.5000949246025496,0.25,1.1399629242192972,7.374421955288103e-05,0.16976437498681562,0.9974418263887423,4.138948617037386,7901,1908.938895128263,5.9943952560424805,94080000
124,0.8107491577822805,0.8096066005485538,0.0045702176114574685,0.49876479799800877,0.49702827978882513,0.4983306687521853,0.3312125290221707,0.5003480570683855,0.25,1.1399910230000492,7.323411898044702e-05,0.17157725250193012,0.9974619694722436,4.140045425971039,7901,1908.433166079775,5.9943952560424805,94080000
125,0.8110673411286884,0.8099285782914933,0.004555042922202582,0.4979676711734315,0.5022783252977446,0.4990453368658477,0.3302951135781427,0.49832299694941323,0.25,1.1400215289152478,7.27209402044689e-05,0.17339544068800175,0.9974821715632001,4.3758589350036345,7901,1805.5883695879327,5.9943952560424805,94080000
126,0.8107233451010531,0.8096202377005025,0.004412445316222963,0.49564556914588315,0.5025075320321809,0.497361058989532,0.33236460655327915,0.49724718376120924,0.25,1.1400029461620096,7.220475270943948e-05,0.17521874013876626,0.9975024304459863,4.138597752025817,7901,1909.1007325204562,5.9943952560424805,94080000
127,0.8115012648889889,0.8103876806726759,0.004454337129289931,0.5053780259338908,0.5013585685778382,0.5043731645577588,0.3359296698613101,0.5022465507979031,0.25,1.140024387569401,7.168562638723265e-05,0.17704695088739095,0.9975227438987487,4.465045049961191,7901,1769.523019721531,5.9943952560424805,94080000
128,0.810982846924058,0.8098741573648293,0.004434755340043148,0.4993250335021768,0.49730774447550097,0.4988207126053024,0.3322074745383659,0.5006011897529956,0.25,1.1400092410793818,7.116363152764002e-05,0.1788798724284063,0.997543109693649,4.130684111034498,7901,1912.7582230008036,5.9943952560424805,94080000
129,0.8111896926188014,0.8100700809629398,0.004478469270344792,0.4994840880441237,0.5015451687904057,0.49999935898791686,0.3321895535317211,0.4981964307032934,0.25,1.1399947361257496,7.063883880885356e-05,0.18071730373969566,0.9975635255971077,4.1469466389971785,7901,1905.2572139945917,5.9943952560424805,94080000
130,0.8112200749341393,0.8101171356426766,0.004411764453293598,0.5028230321209667,0.5026564890939124,0.5027813992610748,0.3354463555732568,0.4985128463959184,0.25,1.1400124173785384,7.011131928789593e-05,0.18255904330454212,0.9975839893700504,4.488709951983765,7901,1760.1939275466416,5.9943952560424805,94080000
131,0.8103888869934363,0.8093176515717067,0.004284922638477788,0.49978208113374506,0.49078459868912694,0.49753270850364445,0.33067565397844484,0.5048411590149849,0.25,1.1399659293767033,6.958114439099925e-05,0.18440488913372935,0.9976044987681525,4.505727597977966,7901,1753.5458653882515,5.9943952560424805,94080000
132,0.8100308548527538,0.8089662714255579,0.004258335904069617,0.5045575654864266,0.5020620581236478,0.5039336903685785,0.33558746670683853,0.5008543223659384,0.25,1.1400330616483023,6.904838590393394e-05,0.18625463878769444,0.9976250515420855,4.130245350999758,7901,1912.961417192202,5.9943952560424805,94080000
133,0.8099753575722729,0.8089302785486198,0.00418033540709051,0.4980707213088329,0.4979119345804149,0.4980310206548456,0.33107639180227344,0.5000949246025496,0.25,1.1399629242192972,6.851311596228902e-05,0.18810808939873025,0.9976456454377637,4.525704195955768,7901,1745.8056598264736,5.9943952560424805,94080000
134,0.8094460883633635,0.808408071928093,0.0041520563488805645,0.49876479799800877,0.49702827978882513,0.4983306687521853,0.3312125290221707,0.5003480570683855,0.25,1.1399910230000492,6.797540704170485e-05,0.189965037693234,0.9976662781965915,4.1077101600239985,7901,1923.4560599947101,5.9943952560424805,94080000
135,0.8098969907568099,0.8088566611241939,0.004161330819537316,0.4979676711734315,0.5022783252977446,0.4990453368658477,0.3302951135781427,0.49832299694941323,0.25,1.1400215289152478,6.743533194805999e-05,0.19182528001400162,0.9976869475557111,4.424157955974806,7901,1785.876561963556,5.9943952560424805,94080000
136,0.8097061696210672,0.8086799201656333,0.004105020031085906,0.49564556914588315,0.5025075320321809,0.497361058989532,0.33236460655327915,0.49724718376120924,0.25,1.1400029461620096,6.689296380761317e-05,0.19368861234256285,0.9977076512482507,4.100026471016463,7901,1927.0607289618827,5.9943952560424805,94080000
137,0.8102573129274079,0.8092309224682508,0.0041055470882314865,0.5053780259338908,0.5013585685778382,0.5043731645577588,0.3359296698613101,0.5022465507979031,0.25,1.140024387569401,6.63483760571021e-05,0.195554830321557,0.9977283870035728,4.136975717963651,7901,1909.8492567147869,5.9943952560424805,94080000
138,0.8103744933581355,0.8093290830500411,0.0041816427260769305,0.4993250335021768,0.49730774447550097,0.4988207126053024,0.3322074745383659,0.5006011897529956,0.25,1.1400092410793818,6.580164243380003e-05,0.19742372927714505,0.9977491525475238,4.532381606986746,7901,1743.2336208893948,5.9943952560424805,94080000
139,0.8100398803282322,0.8089974067464929,0.0041699001207002855,0.4994840880441237,0.5015451687904057,0.49999935898791686,0.3321895535317211,0.4981964307032934,0.25,1.1399947361257496,6.525283696553177e-05,0.19929510424145716,0.9977699456026828,4.086285215977114,7901,1933.5409993183039,5.9943952560424805,94080000
140,0.809699377414924,0.8086904005572216,0.00403590119951753,0.5028230321209667,0.5026564890939124,0.5027813992610748,0.3354463555732568,0.4985128463959184,0.25,1.1400124173785384,6.47020339606503e-05,0.20116874997507214,0.9977907638886119,4.465252022957429,7901,1769.4409989353755,5.9943952560424805,94080000
141,0.8091024990821697,0.8081096357113952,0.003971452517473853,0.49978208113374506,0.49078459868912694,0.49753270850364445,0.33067565397844484,0.5048411590149849,0.25,1.1399659293767033,6.414930799797535e-05,0.20304446098952647,0.9978116051221059,4.324993817019276,7901,1826.8234208587276,5.9943952560424805,94080000
142,0.8092217191897259,0.8082105176627764,0.004044808039045412,0.5045575654864266,0.5020620581236478,0.5039336903685785,0.33558746670683853,0.5008543223659384,0.25,1.1400330616483023,6.359473391669548e-05,0.20492203156985095,0.9978324670174428,4.125631326052826,7901,1915.1008356239229,5.9943952560424805,94080000
143,0.8088622733680919,0.8078793402925774,0.003931741694259788,0.4980707213088329,0.4979119345804149,0.4980310206548456,0.33107639180227344,0.5000949246025496,0.25,1.1399629242192972,6.303838680623484e-05,0.2068012557971322,0.9978533472866348,4.1354414349771105,7901,1910.557826589976,5.9943952560424805,94080000
144,0.8084563255279883,0.8074796300510141,0.0039067900704365865,0.49876479799800877,0.49702827978882513,0.4983306687521853,0.3312125290221707,0.5003480570683855,0.25,1.1399910230000492,6.248034199608602e-05,0.20868192757109616,0.9978742436396788,4.488582240999676,7901,1760.2440093066728,5.9943952560424805,94080000
145,0.8086071215223894,0.8076394881014431,0.003870523763508634,0.4979676711734315,0.5022783252977446,0.4990453368658477,0.3302951135781427,0.49832299694941323,0.25,1.1400215289152478,6.192067504561042e-05,0.21056384063271205,0.9978951537848079,4.128207101952285,7901,1913.9059172354775,5.9943952560424805,94080000
146,0.8087983683473987,0.8078268724986986,0.003885966277608327,0.49564556914588315,0.5025075320321809,0.497361058989532,0.33236460655327915,0.49724718376120924,0.25,1.1400029461620096,6.135946173380754e-05,0.21244678858681312,0.9979160754287424,3.8075119860004634,7901,2075.108372357213,5.9943952560424805,94080000
147,0.8093060456775529,0.8083291113142755,0.0039077292000428135,0.5053780259338908,0.5013585685778382,0.5043731645577588,0.3359296698613101,0.5022465507979031,0.25,1.140024387569401,6.07967780490544e-05,0.21433056492473299,0.9979370062769415,4.296342318993993,7901,1839.0061623046026,5.9943952560424805,94080000
148,0.8090939277290559,0.808118018896093,0.0039036391943470614,0.4993250335021768,0.49730774447550097,0.4988207126053024,0.3322074745383659,0.5006011897529956,0.25,1.1400092410793818,6.023270017881686e-05,0.21621496304695365,0.9979579440338551,4.282519072003197,7901,1844.9421630489594,5.9943952560424805,94080000
149,0.8087796688441943,0.8077941093093578,0.003942243669051458,0.4994840880441237,0.5015451687904057,0.49999935898791686,0.3321895535317211,0.4981964307032934,0.25,1.1399947361257496,5.966730449933367e-05,0.21809977628576424,0.9979788864031751,4.174871039984282,7901,1892.513546964494,5.9943952560424805,94080000
150,0.8087396720605113,0.8077831271780758,0.0038261952437625446,0.5028230321209667,0.5026564890939124,0.5027813992610748,0.3354463555732568,0.4985128463959184,0.25,1.1400124173785384,5.910066756527519e-05,0.2199847979279269,0.9979998310880881,4.111656325054355,7901,1921.6100216974119,5.9943952560424805,94080000
151,0.808316574000419,0.8073663540225047,0.003800871485080195,0.49978208113374506,0.49078459868912694,0.49753270850364445,0.33067565397844484,0.5048411590149849,0.25,1.1399659293767033,5.853286609937785e-05,0.22186982123734733,0.998020775791526,4.093116145988461,7901,1930.3141465319843,5.9943952560424805,94080000
152,0.8083209479674405,0.8073646288750338,0.0038252698742970684,0.5045575654864266,0.5020620581236478,0.5039336903685785,0.33558746670683853,0.5008543223659384,0.25,1.1400330616483023,5.7963976982055905e-05,0.22375463947774854,0.9980417182164194,4.406674587982707,7901,1792.9619812514748,5.9943952560424805,94080000
153,0.808082258108371,0.8071405026614251,0.0037670107283723185,0.4980707213088329,0.4979119345804149,0.4980310206548456,0.33107639180227344,0.5000949246025496,0.25,1.1399629242192972,5.739407724099177e-05,0.2256390459353438,0.9980626560659482,4.110645922017284,7901,1922.0823563715296,5.9943952560424805,94080000
154,0.807408438500174,0.8064786408116826,0.0037191982149187637,0.49876479799800877,0.49702827978882513,0.4983306687521853,0.3312125290221707,0.5003480570683855,0.25,1.1399910230000492,5.68232440407065e-05,0.22752283394150838,0.9980835870437945,4.311945619003382,7901,1832.3514946893406,5.9943952560424805,94080000
155,0.8076714451230639,0.8067409727652154,0.0037219101470447073,0.4979676711734315,0.5022783252977446,0.4990453368658477,0.3302951135781427,0.49832299694941323,0.25,1.1400215289152478,5.6251554672111695e-05,0.2294057968954444,0.9981045088543938,4.1330311939818785,7901,1911.671997904268,5.9943952560424805,94080000
156,0.8078214324904218,0.8069021192219812,0.0036772443831472393,0.49564556914588315,0.5025075320321809,0.497361058989532,0.33236460655327915,0.49724718376120924,0.25,1.1400029461620096,5.567908654204427e-05,0.23128772828684047,0.9981254192031871,4.103011119994335,7901,1925.6589292428994,5.9943952560424805,94080000
157,0.8080697900025909,0.8071357759927258,0.003736051211340822,0.5053780259338908,0.5013585685778382,0.5043731645577588,0.3359296698613101,0.5022465507979031,0.25,1.140024387569401,5.510591716278559e-05,0.23316842171851968,0.9981463157968724,4.53210965602193,7901,1743.3382242862854,5.9943952560424805,94080000
158,0.8076327700899185,0.8067167829281318,0.0036639592690100296,0.4993250335021768,0.49730774447550097,0.4988207126053024,0.3322074745383659,0.5006011897529956,0.25,1.1400092410793818,5.4532124141566275e-05,0.23504767092907577,0.9981671963436564,4.137509007006884,7901,1909.6030937019432,5.9943952560424805,94080000
159,0.8076006404328476,0.8066664331096016,0.0037368167398730617,0.4994840880441237,0.5015451687904057,0.49999935898791686,0.3321895535317211,0.4981964307032934,0.25,1.1399947361257496,5.395778517005816e-05,0.2369252698154949,0.9981880585535055,4.1524595959926955,7901,1902.7277249427807,5.9943952560424805,94080000
160,0.8076359643662765,0.8067267482272584,0.0036368652576586067,0.5028230321209667,0.5026564890939124,0.5027813992610748,0.3354463555732568,0.4985128463959184,0.25,1.1400124173785384,5.3382978013854864e-05,0.23880101245575902,0.9982089001383974,4.365191567980219,7901,1810.0007472652123,5.9943952560424805,94080000
161,0.8074025484734344,0.8064997812763466,0.003611059396150157,0.49978208113374506,0.49078459868912694,0.49753270850364445,0.33067565397844484,0.5048411590149849,0.25,1.1399659293767033,5.280778050194227e-05,0.24067469313143058,0.9982297188125715,4.063137674005702,7901,1944.5563094126433,5.9943952560424805,94080000
162,0.8074041075939439,0.8064825433203727,0.0036862577958705076,0.5045575654864266,0.5020620581236478,0.5039336903685785,0.33558746670683853,0.5008543223659384,0.25,1.1400330616483023,5.2232270516160495e-05,0.24254610635021398,0.9982505122927802,4.410361562971957,7901,1791.4631005163778,5.9943952560424805,94080000
163,0.8071978790611274,0.8062964605087118,0.003605653494011826,0.4980707213088329,0.4979119345804149,0.4980310206548456,0.33107639180227344,0.5000949246025496,0.25,1.1399629242192972,5.16565259806587e-05,0.24441504686849225,0.9982712782985388,4.106554266996682,7901,1923.9974651006808,5.9943952560424805,94080000
164,0.8065528246197968,0.8056591777481047,0.0035745985461796193,0.49876479799800877,0.49702827978882513,0.4983306687521853,0.3312125290221707,0.5003480570683855,0.25,1.1399910230000492,5.108062485134405e-05,0.24628130971383744,0.9982920145523759,4.117011714959517,7901,1919.1104002184486,5.9943952560424805,94080000
165,0.8068777546145134,0.8059762952418558,0.003605841617164182,0.4979676711734315,0.5022783252977446,0.4990453368658477,0.3302951135781427,0.49832299694941323,0.25,1.1400215289152478,5.0504645105326616e-05,0.24814469020748994,0.9983127187800832,4.109727670962457,7901,1922.5118140613113,5.9943952560424805,94080000
166,0.8067829256162751,0.8058999154918058,0.003532055246273244,0.49564556914588315,0.5025075320321809,0.497361058989532,0.33236460655327915,0.49724718376120924,0.25,1.1400029461620096,4.992866473036115e-05,0.2500049839868065,0.9983333887109646,4.160690743010491,7901,1898.9635346661662,5.9943952560424805,94080000
167,0.8072243701384167,0.8063213774002499,0.003611953835474692,0.5053780259338908,0.5013585685778382,0.5043731645577588,0.3359296698613101,0.5022465507979031,0.25,1.140024387569401,4.935276171428753e-05,0.25186198702767343,0.9983540220780852,4.283032520965207,7901,1844.7209918031306,5.9943952560424805,94080000
168,0.8065351108073766,0.8056661055716,0.0034760238399778403,0.4993250335021768,0.49730774447550097,0.4988207126053024,0.3322074745383659,0.5006011897529956,0.25,1.1400092410793818,4.877701403447128e-05,0.2537154956668821,0.9983746166185209,4.150485651043709,7901,1903.6326503172372,5.9943952560424805,94080000
169,0.806594067262013,0.805701281809834,0.0035711466368354284,0.4994840880441237,0.5015451687904057,0.49999935898791686,0.3321895535317211,0.4981964307032934,0.25,1.1399947361257496,4.8201499647245366e-05,0.2555653066244662,0.9983951700736052,4.477259597973898,7901,1764.6955301799908,5.9943952560424805,94080000
170,0.8069325430289717,0.806048646092098,0.0035355974037335532,0.5028230321209667,0.5026564890939124,0.5027813992610748,0.3354463555732568,0.4985128463959184,0.25,1.1400124173785384,4.762629647735485e-05,0.25741121702599457,0.9984156801891777,4.111227763991337,7901,1921.8103334487619,5.9943952560424805,94080000
171,0.8065771738300895,0.8056970145970624,0.003520638599318502,0.49978208113374506,0.49078459868912694,0.49753270850364445,0.33067565397844484,0.5048411590149849,0.25,1.1399659293767033,4.705148240740595e-05,0.2592530244248229,0.9984361447158313,4.0834363080211915,7901,1934.8899808917986,5.9943952560424805,94080000
172,0.8068237519689699,0.8059216651670873,0.0036083317575477647,0.5045575654864266,0.5020620581236478,0.5039336903685785,0.33558746670683853,0.5008543223659384,0.25,1.1400330616483023,4.647713526732069e-05,0.2610905268242951,0.9984565614091588,4.332588995981496,7901,1823.620935964207,5.9943952560424805,94080000
173,0.8065385020031173,0.8056587213550153,0.0035191384799389005,0.4980707213088329,0.4979119345804149,0.4980310206548456,0.33107639180227344,0.5000949246025496,0.25,1.1399629242192972,4.5903332823798704e-05,0.26292352269989794,0.9984769280299989,4.148676247976255,7901,1904.4629003900095,5.9943952560424805,94080000
174,0.8057931256949065,0.8049192246327354,0.0034955981909029245,0.49876479799800877,0.49702827978882513,0.4983306687521853,0.3312125290221707,0.5003480570683855,0.25,1.1399910230000492,4.53301527697876e-05,0.26475181102136214,0.9984972423446818,4.101896594977006,7901,1926.1821494172234,5.9943952560424805,94080000
175,0.8059829571114026,0.8051123458846372,0.0034824473663849585,0.4979676711734315,0.5022783252977446,0.4990453368658477,0.3302951135781427,0.49832299694941323,0.25,1.1400215289152478,4.475767271396339e-05,0.2665751912747106,0.9985175021252746,4.056589950982016,7901,1947.6950087319851,5.9943952560424805,94080000
176,0.8058217880982657,0.804965799140894,0.0034239224701980266,0.49564556914588315,0.5025075320321809,0.497361058989532,0.33236460655327915,0.49724718376120924,0.25,1.1400029461620096,4.418597017022215e-05,0.26839346348424875,0.998537705149825,4.452439881977625,7901,1774.5326628622865,5.9943952560424805,94080000
177,0.8064986074774978,0.8056137441095107,0.0035394501375285996,0.5053780259338908,0.5013585685778382,0.5043731645577588,0.3359296698613101,0.5022465507979031,0.25,1.140024387569401,4.361512254718474e-05,0.27020642823449714,0.9985578492026055,4.0809508609818295,7901,1936.0683990444106,5.9943952560424805,94080000
178,0.8058200303458999,0.8049676194551277,0.003409626445895795,0.4993250335021768,0.49730774447550097,0.4988207126053024,0.3322074745383659,0.5006011897529956,0.25,1.1400092410793818,4.304520713771559e-05,0.27201388669206145,0.9985779320743562,4.511871427996084,7901,1751.158056272267,5.9943952560424805,94080000
179,0.806081306804601,0.8052027188906291,0.003514352621511332,0.4994840880441237,0.5015451687904057,0.49999935898791686,0.3321895535317211,0.4981964307032934,0.25,1.1399947361257496,4.247630110845725e-05,0.27381564062743935,0.9985979515625271,4.1386393760330975,7901,1909.081531905092,5.9943952560424805,94080000
180,0.8062128511626062,0.805343510146202,0.0034773693312845446,0.5028230321209667,0.5026564890939124,0.5027813992610748,0.3354463555732568,0.4985128463959184,0.25,1.1400124173785384,4.190848148938206e-05,0.27561149243676103,0.9986179054715195,4.312523306987714,7901,1832.1060403772815,5.9943952560424805,94080000
181,0.8059430584064421,0.8050732369921416,0.0034792588837704104,0.49978208113374506,0.49078459868912694,0.49753270850364445,0.33067565397844484,0.5048411590149849,0.25,1.1399659293767033,4.134182516336216e-05,0.27740124516346065,0.9986377916129273,4.434819181042258,7901,1781.5833470223088,5.9943952560424805,94080000
182,0.8058580363978164,0.8049741620248578,0.0035354909965047776,0.5045575654864266,0.5020620581236478,0.5039336903685785,0.33558746670683853,0.5008543223659384,0.25,1.1400330616483023,4.077640885575969e-05,0.27918470251987776,0.9986576078057764,4.129783337004483,7901,1913.1754271958853,5.9943952560424805,94080000
183,0.8058671198710808,0.8050057755408596,0.003445366699021763,0.4980707213088329,0.4979119345804149,0.4980310206548456,0.33107639180227344,0.5000949246025496,0.25,1.1399629242192972,4.021230912403806e-05,0.28096166890878416,0.9986773518767643,4.102977278002072,7901,1925.67481237609,5.9943952560424805,94080000
184,0.8053192829213676,0.8044526300057929,0.003466620880989255,0.49876479799800877,0.49702827978882513,0.4983306687521853,0.3312125290221707,0.5003480570683855,0.25,1.1399910230000492,3.964960234739607e-05,0.28273194944483615,0.9986970216604982,4.401585293991957,7901,1795.0350776536463,5.9943952560424805,94080000
185,0.805576451223661,0.804707844820736,0.003474432371067346,0.4979676711734315,0.5022783252977446,0.4990453368658477,0.3302951135781427,0.49832299694941323,0.25,1.1400215289152478,3.908836471642619e-05,0.28449534997594794,0.9987166149997327,4.073535487987101,7901,1939.592774703972,5.9943952560424805,94080000
186,0.8052213396426772,0.804375648988891,0.003382774904217543,0.49564556914588315,0.5025075320321809,0.497361058989532,0.33236460655327915,0.49724718376120924,0.25,1.1400029461620096,3.8528672222798294e-05,0.28625167710458477,0.9987361297456065,4.133484936959576,7901,1911.4621488887426,5.9943952560424805,94080000
187,0.8058212628592089,0.8049516079999453,0.0034786136433106857,0.5053780259338908,0.5013585685778382,0.5043731645577588,0.3359296698613101,0.5022465507979031,0.25,1.140024387569401,3.797060064897042e-05,0.2880007382089738,0.9987555637578774,4.518266567029059,7901,1748.6794731536222,5.9943952560424805,94080000
188,0.8053155883084882,0.8044672754501605,0.0033932417770712125,0.4993250335021768,0.49730774447550097,0.4988207126053024,0.3322074745383659,0.5006011897529956,0.25,1.1400092410793818,3.741422555792778e-05,0.2897423414642291,0.9987749149051581,4.099689859023783,7901,1927.2189535530824,5.9943952560424805,94080000
189,0.8053693493292794,0.804499266547744,0.0034803424495908975,0.4994840880441237,0.5015451687904057,0.49999935898791686,0.3321895535317211,0.4981964307032934,0.25,1.1399947361257496,3.685962228295155e-05,0.2914762958633901,0.9987941810651487,4.384107896010391,7901,1802.1910471660692,5.9943952560424805,94080000
190,0.8055703691961855,0.8047139366930488,0.0034257235172171787,0.5028230321209667,0.5026564890939124,0.5027813992610748,0.3354463555732568,0.4985128463959184,0.25,1.1400124173785384,3.6306865917418675e-05,0.2932024112383696,0.9988133601248708,4.068599567981437,7901,1941.9458386070519,5.9943952560424805,94080000
191,0.8051113174649949,0.8042658283248489,0.003381951204388523,0.49978208113374506,0.49078459868912694,0.49753270850364445,0.33067565397844484,0.5048411590149849,0.25,1.1399659293767033,3.575603130463429e-05,0.29492049828081013,0.9988324499808979,4.551498115994036,7901,1735.9119566007862,5.9943952560424805,94080000
192,0.8051424408589658,0.8042755738238325,0.003467468842119073,0.5045575654864266,0.5020620581236478,0.5039336903685785,0.33558746670683853,0.5008543223659384,0.25,1.1400330616483023,3.520719302769785e-05,0.2966303685628461,0.9988514485395872,4.090553322981577,7901,1931.523531452467,5.9943952560424805,94080000
193,0.8051394355280492,0.8042835087779805,0.003423730612796947,0.4980707213088329,0.4979119345804149,0.4980310206548456,0.33107639180227344,0.5000949246025496,0.25,1.1399629242192972,3.466042539940461e-05,0.2983318345577691,0.9988703537173086,4.078763059980702,7901,1937.1068835847952,5.9943952560424805,94080000
194,0.8045854076465886,0.8037309857534919,0.0034177073224136126,0.49876479799800877,0.49702827978882513,0.4983306687521853,0.3312125290221707,0.5003480570683855,0.25,1.1399910230000492,3.4115802452183675e-05,0.3000247096605947,0.9988891634406732,3.8858286739559844,7901,2033.285732064032,5.9943952560424805,94080000
195,0.8049790565159755,0.8041114343553989,0.0034704930328776635,0.4979676711734315,0.5022783252977446,0.4990453368658477,0.3302951135781427,0.49832299694941323,0.25,1.1400215289152478,3.357339792807395e-05,0.3017088082085281,0.9989078756467614,4.29721052502282,7901,1838.6346105205173,5.9943952560424805,94080000
196,0.8045651777577301,0.8037283798891175,0.0033471946353596112,0.49564556914588315,0.5025075320321809,0.497361058989532,0.33236460655327915,0.49724718376120924,0.25,1.1400029461620096,3.303328526873947e-05,0.30338394550132564,0.9989264882833481,4.224463778024074,7901,1870.2965429841058,5.9943952560424805,94080000
197,0.8051734067506239,0.8043210166735735,0.003409558376953913,0.5053780259338908,0.5013585685778382,0.5043731645577588,0.3359296698613101,0.5022465507979031,0.25,1.140024387569401,3.2495537605525384e-05,0.3050499378215523,0.9989449993091284,4.5110255850013345,7901,1751.4864083834857,5.9943952560424805,94080000
198,0.8046529668144842,0.8038174277724321,0.0033421623994996015,0.4993250335021768,0.49730774447550097,0.4988207126053024,0.3322074745383659,0.5006011897529956,0.25,1.1400092410793818,3.196022774955601e-05,0.3067066024547302,0.9989634066939415,4.178218966990244,7901,1890.9971120282,5.9943952560424805,94080000
199,0.8046496071222236,0.8037964741861711,0.0034125370098780777,0.4994840880441237,0.5015451687904057,0.49999935898791686,0.3321895535317211,0.4981964307032934,0.25,1.1399947361257496,3.142742818187611e-05,0.3083537577093773,0.998981708418993,4.129219962051138,7901,1913.4364535221507,5.9943952560424805,94080000
200,0.8049344301993236,0.8040879753145624,0.003385811814053604,0.5028230321209667,0.5026564890939124,0.5027813992610748,0.3354463555732568,0.4985128463959184,0.25,1.1400124173785384,3.0897211043637e-05,0.30999122293693443,0.998999902477077,4.138256176025607,7901,1909.2583116949863,5.9943952560424805,94080000
201,0.8044775266192289,0.8036422209639501,0.003341206643056634,0.49978208113374506,0.49078459868912694,0.49753270850364445,0.33067565397844484,0.5048411590149849,0.25,1.1399659293767033,3.0369648126328658e-05,0.311618818551577,0.9990179868727953,4.101257025031373,7901,1926.4825276195804,5.9943952560424805,94080000
202,0.8044259526536157,0.8035796768694584,0.003385110597582712,0.5045575654864266,0.5020620581236478,0.5039336903685785,0.33558746670683853,0.5008543223659384,0.25,1.1400330616483023,2.984481086205902e-05,0.3132363660499116,0.9990359596227768,4.1043633639928885,7901,1925.0244920599798,5.9943952560424805,94080000
203,0.8046760960117713,0.8038322083890597,0.0033755401330210866,0.4980707213088329,0.4979119345804149,0.4980310206548456,0.33107639180227344,0.5000949246025496,0.25,1.1399629242192972,2.9322770313882205e-05,0.31484368803055207,0.999053818755895,4.508681632985827,7901,1752.39696282739,5.9943952560424805,94080000
204,0.8040217490169673,0.8031805487633235,0.0033647968880421994,0.49876479799800877,0.49702827978882513,0.4983306687521853,0.3312125290221707,0.5003480570683855,0.25,1.1399910230000492,2.880359716617645e-05,0.3164406082135761,0.9990715623134842,4.149840454978403,7901,1903.928617429491,5.9943952560424805,94080000
205,0.8042472678337681,0.8034087444631197,0.003354091023270231,0.4979676711734315,0.5022783252977446,0.4990453368658477,0.3302951135781427,0.49832299694941323,0.25,1.1400215289152478,2.8287361715073552e-05,0.3180269514598587,0.999089188349554,4.346794371027499,7901,1817.6613213319208,5.9943952560424805,94080000
206,0.8039094708476122,0.8030902840958081,0.0032767376150153677,0.49564556914588315,0.5025075320321809,0.497361058989532,0.33236460655327915,0.49724718376120924,0.25,1.1400029461620096,2.7774133858940644e-05,0.3196025437902794,0.9991066949310031,4.1724924460286275,7901,1893.592403629193,5.9943952560424805,94080000
207,0.8044568074155406,0.803622073175756,0.003338937924762509,0.5053780259338908,0.5013585685778382,0.5043731645577588,0.3359296698613101,0.5022465507979031,0.25,1.140024387569401,2.7263983088915974e-05,0.3211672124048041,0.9991240801378312,4.249368889955804,7901,1859.3349282232298,5.9943952560424805,94080000
208,0.8041382058031,0.8033138073678108,0.0032975879474133425,0.4993250335021768,0.49730774447550097,0.4988207126053024,0.3322074745383659,0.5006011897529956,0.25,1.1400092410793818,2.6756978479499884e-05,0.32272078570143586,0.9991413420633493,4.263230402953923,7901,1853.2894667211808,5.9943952560424805,94080000
209,0.8041732228491792,0.8033297041626976,0.003374062894401845,0.4994840880441237,0.5015451687904057,0.49999935898791686,0.3321895535317211,0.4981964307032934,0.25,1.1399947361257496,2.6253188679201963e-05,0.3242630932950351,0.9991584788143892,4.1377817440079525,7901,1909.4772244673559,5.9943952560424805,94080000
210,0.8044405365394589,0.8036037505148272,0.0033471286485442903,0.5028230321209667,0.5026564890939124,0.5027813992610748,0.3354463555732568,0.4985128463959184,0.25,1.1400124173785384,2.5752681901246166e-05,0.3257939660360065,0.9991754885115112,4.534445615019649,7901,1742.4401284754988,5.9943952560424805,94080000
211,0.8040347889757898,0.803210255934036,0.0032981492842078103,0.49978208113374506,0.49078459868912694,0.49753270850364445,0.33067565397844484,0.5048411590149849,0.25,1.1399659293767033,2.525552591433462e-05,0.32731323602885004,0.9991923692892094,4.315016710024793,7901,1831.0473703715052,5.9943952560424805,94080000
212,0.8037380611665671,0.8029084009485085,0.003318657989427117,0.5045575654864266,0.5020620581236478,0.5039336903685785,0.33558746670683853,0.5008543223659384,0.25,1.1400330616483023,2.476178803347179e-05,0.3288207366505746,0.9992091192961174,4.108903831045609,7901,1922.8972798785123,5.9943952560424805,94080000
213,0.8040545026707718,0.8032277116080263,0.003307166446267676,0.4980707213088329,0.4979119345804149,0.4980310206548456,0.33107639180227344,0.5000949246025496,0.25,1.1399629242192972,2.4271535110850042e-05,0.33031630256897193,0.9992257366952108,4.111887998995371,7901,1921.501753435501,5.9943952560424805,94080000
214,0.8034635735997488,0.8026412306986433,0.003289369937212101,0.49876479799800877,0.49702827978882513,0.4983306687521853,0.3312125290221707,0.5003480570683855,0.25,1.1399910230000492,2.378483352679775e-05,0.3317997697607494,0.9992422196640083,4.133354978985153,7901,1911.52224770685,5.9943952560424805,94080000
215,0.8036202407987673,0.8028022148777844,0.0032720814745813335,0.4979676711734315,0.5022783252977446,0.4990453368658477,0.3302951135781427,0.49832299694941323,0.25,1.1400215289152478,2.3301749180791517e-05,0.33327097552951856,0.9992585663947724,4.476970096991863,7901,1764.8096433140772,5.9943952560424805,94080000
216,0.8034114665342967,0.802603567397952,0.0032315871531775355,0.49564556914588315,0.5025075320321809,0.497361058989532,0.33236460655327915,0.49724718376120924,0.25,1.1400029461620096,2.2822347482533222e-05,0.33472975852363895,0.9992747750947071,4.128967123979237,7901,1913.5536231602437,5.9943952560424805,94080000
217,0.8039611545322425,0.8031368894511243,0.003297068049463799,0.5053780259338908,0.5013585685778382,0.5043731645577588,0.3359296698613101,0.5022465507979031,0.25,1.140024387569401,2.23466933430937e-05,0.3361759587539137,0.9992908439861546,4.127238374960143,7901,1914.3551407001783,5.9943952560424805,94080000
218,0.8036411549679585,0.8028343209600527,0.0032273538504019824,0.4993250335021768,0.49730774447550097,0.4988207126053024,0.3322074745383659,0.5006011897529956,0.25,1.1400092410793818,2.1874851166123634e-05,0.33760941761113633,0.9993067713067904,4.255434110003989,7901,1856.6848400791225,5.9943952560424805,94080000
219,0.8036932789997245,0.8028636037616877,0.003318682077217368,0.4994840880441237,0.5015451687904057,0.49999935898791686,0.3321895535317211,0.4981964307032934,0.25,1.1399947361257496,2.140688483913334e-05,0.33902997788348554,0.9993225553098165,4.238069883023854,7901,1864.292052296847,5.9943952560424805,94080000
220,0.8040064940753127,0.8031857447780517,0.0032830027187493705,0.5028230321209667,0.5026564890939124,0.5027813992610748,0.3354463555732568,0.4985128463959184,0.25,1.1400124173785384,2.0942857724842466e-05,0.3404374837737675,0.9993381942641529,4.131314372003544,7901,1912.466418324948,5.9943952560424805,94080000
221,0.8034788803607056,0.802672024950651,0.0032274190073842534,0.49978208113374506,0.49078459868912694,0.49753270850364445,0.33067565397844484,0.5048411590149849,0.25,1.1399659293767033,2.0482832652600496e-05,0.34183178091650224,0.9993536864546279,4.478662900975905,7901,1764.1425967286718,5.9943952560424805,94080000
222,0.8032141323859685,0.8024007490640531,0.0032535238954601764,0.5045575654864266,0.5020620581236478,0.5039336903685785,0.33558746670683853,0.5008543223659384,0.25,1.1400330616483023,2.002687190987983e-05,0.3432127163948537,0.999369030182165,4.118391946016345,7901,1918.4672327369208,5.9943952560424805,94080000
223,0.803632303485839,0.8028211176448223,0.00324474283599081,0.4980707213088329,0.4979119345804149,0.4980310206548456,0.33107639180227344,0.5000949246025496,0.25,1.1399629242192972,1.957503723384193e-05,0.3445801387574006,0.9993842237639711,4.464102401980199,7901,1769.8966754201813,5.9943952560424805,94080000
224,0.802927035958597,0.8021171185928362,0.0032396566458946993,0.49876479799800877,0.49702827978882513,0.4983306687521853,0.3312125290221707,0.5003480570683855,0.25,1.1399910230000492,1.91273898029781e-05,0.3459338980347461,0.9993992655337194,4.118942281987984,7901,1918.2109044234114,5.9943952560424805,94080000
225,0.8031575493292935,0.8023515515743276,0.003223993215149316,0.4979676711734315,0.5022783252977446,0.4990453368658477,0.3302951135781427,0.49832299694941323,0.25,1.1400215289152478,1.8683990228826017e-05,0.34727384575596604,0.9994141538417329,4.517116440983955,7901,1749.1247133489746,5.9943952560424805,94080000
226,0.802985012719879,0.802187132233382,0.0031915089553284535,0.49564556914588315,0.5025075320321809,0.497361058989532,0.33236460655327915,0.49724718376120924,0.25,1.1400029461620096,1.824489854776276e-05,0.34859983496489166,0.9994288870551654,4.1490116869681515,7901,1904.3089285134254,5.9943952560424805,94080000
227,0.8035027376836862,0.8026925947542146,0.0032405645209707015,0.5053780259338908,0.5013585685778382,0.5043731645577588,0.3359296698613101,0.5022465507979031,0.25,1.140024387569401,1.7810174212876046e-05,0.34991172023622713,0.9994434635581803,4.5129116820171475,7901,1750.754403522577,5.9943952560424805,94080000
228,0.8032137675083766,0.8024188983653138,0.0031794903550234313,0.4993250335021768,0.49730774447550097,0.4988207126053024,0.3322074745383659,0.5006011897529956,0.25,1.1400092410793818,1.7379876085914112e-05,0.35120935769149875,0.9994578817521278,4.139062041009311,7901,1908.8865838969982,5.9943952560424805,94080000
229,0.8031735258786803,0.8023592016317017,0.0032572986551243025,0.4994840880441237,0.5015451687904057,0.49999935898791686,0.3321895535317211,0.4981964307032934,0.25,1.1399947361257496,1.6954062429315902e-05,0.352492605014834,0.9994721400557204,4.11444501200458,7901,1920.3075935995046,5.9943952560424805,94080000
230,0.8034996547181159,0.802692292634633,0.003229442540187954,0.5028230321209667,0.5026564890939124,0.5027813992610748,0.3354463555732568,0.4985128463959184,0.25,1.1400124173785384,1.6532790898322366e-05,0.3537613214685707,0.9994862369052063,4.467552073998377,7901,1768.5300292266656,5.9943952560424805,94080000
231,0.8030119519522787,0.8022183762473587,0.0031743127399570595,0.49978208113374506,0.49078459868912694,0.49753270850364445,0.33067565397844484,0.5048411590149849,0.25,1.1399659293767033,1.611611853316982e-05,0.35501536790869126,0.999500170754541,4.511933403962757,7901,1751.1340023460189,5.9943952560424805,94080000
232,0.8027641833575372,0.8019642919064353,0.003199598635620534,0.5045575654864266,0.5020620581236478,0.5039336903685785,0.33558746670683853,0.5008543223659384,0.25,1.1400330616483023,1.5704101751366804e-05,0.35625460680008353,0.9995139400755565,4.094093462976161,7901,1929.8533537278959,5.9943952560424805,94080000
233,0.8032017768885331,0.8024045485753739,0.003188907194855756,0.4980707213088329,0.4979119345804149,0.4980310206548456,0.33107639180227344,0.5000949246025496,0.25,1.1399629242192972,1.529679634005505e-05,0.3574789022316246,0.9995275433581292,4.494402355980128,7901,1757.9645466069915,5.9943952560424805,94080000
234,0.8025566580144382,0.8017581118509568,0.003194187286759823,0.49876479799800877,0.49702827978882513,0.4983306687521853,0.3312125290221707,0.5003480570683855,0.25,1.1399910230000492,1.4894257448455929e-05,0.35868811993108635,0.9995409791103455,4.109741781954654,7901,1922.5052130263446,5.9943952560424805,94080000
235,0.8027880760917572,0.8019931221548446,0.003179807321072651,0.4979676711734315,0.5022783252977446,0.4990453368658477,0.3302951135781427,0.49832299694941323,0.25,1.1400215289152478,1.449653958040328e-05,0.359882127279862,0.9995542458586651,4.517210480989888,7901,1749.0882997926185,5.9943952560424805,94080000
236,0.8026510969081599,0.8018641699312488,0.003147712735764031,0.49564556914588315,0.5025075320321809,0.497361058989532,0.33236460655327915,0.49724718376120924,0.25,1.1400029461620096,1.4103696586963488e-05,0.36106079332751023,0.9995673421480834,4.079449001990724,7901,1936.781167295976,5.9943952560424805,94080000
237,0.8031649237915679,0.8023644923077492,0.0032017326946425116,0.5053780259338908,0.5013585685778382,0.5043731645577588,0.3359296698613101,0.5022465507979031,0.25,1.140024387569401,1.3715781659144138e-05,0.36222398880611734,0.9995802665422902,4.11880904994905,7901,1918.2729532212074,5.9943952560424805,94080000
238,0.8029188992644908,0.8021293558843255,0.003158179314404164,0.4993250335021768,0.49730774447550097,0.4988207126053024,0.3322074745383659,0.5006011897529956,0.25,1.1400092410793818,1.333284732069187e-05,0.3633715861444742,0.9995930176238275,4.4967685310402885,7901,1757.039515256564,5.9943952560424805,94080000
239,0.8028265981414079,0.8020214005491881,0.0032207838735494746,0.4994840880441237,0.5015451687904057,0.49999935898791686,0.3321895535317211,0.4981964307032934,0.25,1.1399947361257496,1.2954945420980679e-05,0.3645034594820675,0.9996055939942452,4.13917608797783,7901,1908.8339882297653,5.9943952560424805,94080000
240,0.8031454860009871,0.8023488487779091,0.0031865582845132874,0.5028230321209667,0.5026564890939124,0.5027813992610748,0.3354463555732568,0.4985128463959184,0.25,1.1400124173785384,1.258212712799155e-05,0.3656194846828833,0.9996179942742542,4.110848463024013,7901,1921.9876556062309,5.9943952560424805,94080000
241,0.8026454514332202,0.8018617796499569,0.0031346787064758345,0.49978208113374506,0.49078459868912694,0.49753270850364445,0.33067565397844484,0.5048411590149849,0.25,1.1399659293767033,1.2214442921384216e-05,0.36671953934902124,0.999630217103878,3.7300723399966955,7901,2118.1894826219373,5.9943952560424805,94080000
242,0.8023564597954103,0.8015668065981568,0.0031586082249317813,0.5045575654864266,0.5020620581236478,0.5039336903685785,0.33558746670683853,0.5008543223659384,0.25,1.1400330616483023,1.1851942585662262e-05,0.36780350283411845,0.9996422611426014,4.2775411600014195,7901,1847.0891814860709,5.9943952560424805,94080000
243,0.8027345430261047,0.8019502009112478,0.003137379345328366,0.4980707213088329,0.4979119345804149,0.4980310206548456,0.33107639180227344,0.5000949246025496,0.25,1.1399629242192972,1.1494675203432262e-05,0.3688712562565811,0.9996541250695176,4.271389500005171,7901,1849.7493614175048,5.9943952560424805,94080000
244,0.8021839940311063,0.8013970552026705,0.0031477582106151517,0.49876479799800877,0.49702827978882513,0.4983306687521853,0.3312125290221707,0.5003480570683855,0.25,1.1399910230000492,1.114268914875806e-05,0.36992268251262256,0.9996658075834736,4.155157083994709,7901,1901.4924924099598,5.9943952560424805,94080000
245,0.8024751174194935,0.801689829430751,0.0031411603815479226,0.4979676711734315,0.5022783252977446,0.4990453368658477,0.3302951135781427,0.49832299694941323,0.25,1.1400215289152478,1.0796032080610801e-05,0.3709576662891066,0.9996773074032123,4.1657379230018705,7901,1896.6627632461486,5.9943952560424805,94080000
246,0.8023863964753126,0.8016087829334919,0.0031104529376211627,0.49564556914588315,0.5025075320321809,0.497361058989532,0.33236460655327915,0.49724718376120924,0.25,1.1400029461620096,1.0454750936415969e-05,0.3719760940761939,0.9996886232675133,4.484956222004257,7901,1761.6671398565327,5.9943952560424805,94080000
247,0.8028401163556488,0.802049633529032,0.0031619279720469106,0.5053780259338908,0.5013585685778382,0.5043731645577588,0.3359296698613101,0.5022465507979031,0.25,1.140024387569401,1.0118891925698067e-05,0.37297785417979146,0.9996997539353311,4.121536061982624,7901,1917.003728993045,5.9943952560424805,94080000
248,0.802566343199647,0.8017907584034903,0.0031023556002332145,0.4993250335021768,0.49730774447550097,0.4988207126053024,0.3322074745383659,0.5006011897529956,0.25,1.1400092410793818,9.788500523823766e-06,0.37396283673380176,0.9997106981859312,4.0756299319909886,7901,1938.5960285506778,5.9943952560424805,94080000
249,0.8024927135389556,0.8016978450597593,0.0031794741808229,0.4994840880441237,0.5015451687904057,0.49999935898791686,0.3321895535317211,0.4981964307032934,0.25,1.1399947361257496,9.463621465844627e-06,0.37493093371217295,0.9997214548190242,4.53086177498335,7901,1743.818371071149,5.9943952560424805,94080000
250,0.8028285873794749,0.802041000723009,0.0031503316134293613,0.5028230321209667,0.5026564890939124,0.5027813992610748,0.3354463555732568,0.4985128463959184,0.25,1.1400124173785384,9.14429874043986e-06,0.37588203894074546,0.9997320226548971,4.139150895993225,7901,1908.84560590635,5.9943952560424805,94080000
251,0.8022916772790747,0.8015191712540594,0.003090015673483494,0.49978208113374506,0.49078459868912694,0.49753270850364445,0.33067565397844484,0.5048411590149849,0.25,1.1399659293767033,8.83057558396038e-06,0.3768160481088975,0.9997424005345433,4.061435554991476,7901,1945.3712592557883,5.9943952560424805,94080000
252,0.8020427708323432,0.8012616847183354,0.003124355515442744,0.5045575654864266,0.5020620581236478,0.5039336903685785,0.33558746670683853,0.5008543223659384,0.25,1.1400330616483023,8.522494474574453e-06,0.37773285878098406,0.9997525873197887,4.445234594983049,7901,1777.4090053463487,5.9943952560424805,94080000
253,0.802401461852923,0.8016245039848267,0.003107837703677314,0.4980707213088329,0.4979119345804149,0.4980310206548456,0.33107639180227344,0.5000949246025496,0.25,1.1399629242192972,8.220097126516249e-06,0.3786323704075721,0.9997625818934175,4.128335619054269,7901,1913.8463364105032,5.9943952560424805,94080000
254,0.801902238590297,0.8011233240060452,0.0031156634291641745,0.49876479799800877,0.49702827978882513,0.4983306687521853,0.3312125290221707,0.5003480570683855,0.25,1.1399910230000492,7.923424484437716e-06,0.37951448433646784,0.9997723831592941,4.094276894000359,7901,1929.7668928005112,5.9943952560424805,94080000
255,0.8021971612712309,0.8014204321956502,0.0031069023460394943,0.4979676711734315,0.5022783252977446,0.4990453368658477,0.3302951135781427,0.49832299694941323,0.25,1.1400215289152478,7.6325167178646e-06,0.3803791038235361,0.9997819900424837,4.335380616015755,7901,1822.4466776485879,5.9943952560424805,94080000
256,0.8021012888484598,0.8013309028130244,0.0030815412448699105,0.49564556914588315,0.5025075320321809,0.497361058989532,0.33236460655327915,0.49724718376120924,0.25,1.1400029461620096,7.347413215757582e-06,0.3812261340433111,0.9997914014893701,4.103177512995899,7901,1925.5808394775381,5.9943952560424805,94080000
257,0.8025632936989804,0.8017805772195238,0.0031308765396892593,0.5053780259338908,0.5013585685778382,0.5043731645577588,0.3359296698613101,0.5022465507979031,0.25,1.140024387569401,7.0681525811789215e-06,0.3820554820993953,0.9998006164677711,4.54351841803873,7901,1738.96070688992,5.9943952560424805,94080000
258,0.8022839780578642,0.801517162854393,0.0030672475591880916,0.4993250335021768,0.49730774447550097,0.4988207126053024,0.3322074745383659,0.5006011897529956,0.25,1.1400092410793818,6.794772626065627e-06,0.3828670570346487,0.9998096339670517,4.107873886008747,7901,1923.3793975298238,5.9943952560424805,94080000
259,0.802251526440658,0.801463790067222,0.0031509554140206576,0.4994840880441237,0.5015451687904057,0.49999935898791686,0.3321895535317211,0.4981964307032934,0.25,1.1399947361257496,6.527310366109738e-06,0.3836607698411635,0.9998184529982351,4.537939100002404,7901,1741.0987291556676,5.9943952560424805,94080000
260,0.8026103365422804,0.8018292003893397,0.0031245484742585985,0.5028230321209667,0.5026564890939124,0.5027813992610748,0.3354463555732568,0.4985128463959184,0.25,1.1400124173785384,6.265802015746355e-06,0.38443653347002626,0.9998270725941114,4.139576341025531,7901,1908.649424265146,5.9943952560424805,94080000
261,0.8020303839521308,0.8012648689688014,0.003062078544209689,0.49978208113374506,0.49078459868912694,0.49753270850364445,0.33067565397844484,0.5048411590149849,0.25,1.1399659293767033,6.010282983250228e-06,0.38519426284086516,0.999835491809343,4.130629934952594,7901,1912.7833101540423,5.9943952560424805,94080000
262,0.8018067297022972,0.8010324004209127,0.0030973171255374585,0.5045575654864266,0.5020620581236478,0.5039336903685785,0.33558746670683853,0.5008543223659384,0.25,1.1400330616483023,5.760787865941451e-06,0.38593387485118025,0.9998437097205687,4.160125231021084,7901,1899.2216727237164,5.9943952560424805,94080000
263,0.8021720829394449,0.8014016827214082,0.003081616586166882,0.4980707213088329,0.4979119345804149,0.4980310206548456,0.33107639180227344,0.5000949246025496,0.25,1.1399629242192972,5.517350445500972e-06,0.38665528838545826,0.9998517254265051,4.257854173018131,7901,1855.6295445880585,5.9943952560424805,94080000
264,0.801695529795375,0.8009230823792048,0.003089811874030436,0.49876479799800877,0.49702827978882513,0.4983306687521853,0.3312125290221707,0.5003480570683855,0.25,1.1399910230000492,5.2800036833965946e-06,0.38735842432406825,0.9998595380480452,4.121881266997661,7901,1916.8431811125438,5.9943952560424805,94080000
265,0.8019806318095388,0.8012106071513087,0.003080096965710614,0.4979676711734315,0.5022783252977446,0.4990453368658477,0.3302951135781427,0.49832299694941323,0.25,1.1400215289152478,5.048779716419913e-06,0.38804320555193944,0.9998671467283549,4.10570471000392,7901,1924.395580799686,5.9943952560424805,94080000
266,0.801859819531486,0.8010961384716524,0.0030547216065004495,0.49564556914588315,0.5025075320321809,0.497361058989532,0.33236460655327915,0.49724718376120924,0.25,1.1400029461620096,4.8237098523350784e-06,0.3887095569670181,0.9998745506329668,4.510512416018173,7901,1751.6856780930689,5.9943952560424805,94080000
267,0.8023470006642681,0.8015699671606612,0.0031081214613166734,0.5053780259338908,0.5013585685778382,0.5043731645577588,0.3359296698613101,0.5022465507979031,0.25,1.140024387569401,4.604824565639633e-06,0.3893574054885046,0.9998817489498723,4.083866108034272,7901,1934.68634646376,5.9943952560424805,94080000
268,0.8020680834863506,0.8013073559456755,0.003042920347015068,0.4993250335021768,0.49730774447550097,0.4988207126053024,0.3322074745383659,0.5006011897529956,0.25,1.1400092410793818,4.3921534934383e-06,0.3899866800648684,0.9998887408896097,4.496409697982017,7901,1757.1797346549536,5.9943952560424805,94080000
269,0.802050145136195,0.8012691322059182,0.003124050491445503,0.4994840880441237,0.5015451687904057,0.49999935898791686,0.3321895535317211,0.4981964307032934,0.25,1.1399947361257496,4.185725431430148e-06,0.3905973116816402,0.9998955256853516,4.128356745990459,7901,1913.8365422691743,5.9943952560424805,94080000
270,0.8024263951676116,0.8016508239882609,0.003102283314230653,0.5028230321209667,0.5026564890939124,0.5027813992610748,0.3354463555732568,0.4985128463959184,0.25,1.1400124173785384,3.985568330009563e-06,0.3911892333689812,0.9999021025929887,4.071732237993274,7901,1940.4517630790858,5.9943952560424805,94080000
271,0.801840804654003,0.8010808578202611,0.0030397943583730957,0.49978208113374506,0.49078459868912694,0.49753270850364445,0.33067565397844484,0.5048411590149849,0.25,1.1399659293767033,3.7917092904818543e-06,0.3917623802090279,0.9999084708912114,4.12922714499291,7901,1913.4331250293972,5.9943952560424805,94080000
272,0.8016169824308722,0.8008486139987061,0.003073469164582419,0.5045575654864266,0.5020620581236478,0.5039336903685785,0.33558746670683853,0.5008543223659384,0.25,1.1400330616483023,3.6041745613936574e-06,0.3923166893430118,0.999914629881589,4.492213036981411,7901,1758.8213058811561,5.9943952560424805,94080000
273,0.8019867226181566,0.8012224054083071,0.0030572743691035333,0.4980707213088329,0.4979119345804149,0.4980310206548456,0.33107639180227344,0.5000949246025496,0.25,1.1399629242192972,3.422989534978914e-06,0.3928520999781532,0.9999205788886462,4.111312419001479,7901,1921.770761930792,5.9943952560424805,94080000
274,0.8014612653982396,0.8006946766562076,0.003066350140008515,0.49876479799800877,0.49702827978882513,0.4983306687521853,0.3312125290221707,0.5003480570683855,0.25,1.1399910230000492,3.24817874372077e-06,0.3933685533943286,0.999926317259937,4.5110871050274,7901,1751.4625224582114,5.9943952560424805,94080000
275,0.8018093532270275,0.8010446275129995,0.003058916110808963,0.4979676711734315,0.5022783252977446,0.4990453368658477,0.3302951135781427,0.49832299694941323,0.25,1.1400215289152478,3.0797658570298323e-06,0.3938659929505109,0.9999318443661168,4.10097902599955,7901,1926.613120893554,5.9943952560424805,94080000
276,0.801672955054812,0.8009147452426973,0.003032839950044432,0.49564556914588315,0.5025075320321809,0.497361058989532,0.33236460655327915,0.49724718376120924,0.25,1.1400029461620096,2.917773678039374e-06,0.39434436409098106,0.9999371596010109,4.086216248979326,7901,1933.5736335475508,5.9943952560424805,94080000
277,0.8021936353256908,0.8014211850579125,0.0030898188898916745,0.5053780259338908,0.5013585685778382,0.5043731645577588,0.3359296698613101,0.5022465507979031,0.25,1.140024387569401,2.7622241405177484e-06,0.3948036143513117,0.9999422623816813,4.3160563799901865,7901,1830.606299915379,5.9943952560424805,94080000
278,0.8019212540335753,0.8011646630069663,0.0030263539221208014,0.4993250335021768,0.49730774447550097,0.4988207126053024,0.3322074745383659,0.5006011897529956,0.25,1.1400092410793818,2.6131383058985596e-06,0.3952436933641208,0.9999471521484903,4.179949028999545,7901,1890.214436871034,5.9943952560424805,94080000
279,0.8019138133279916,0.8011365498097512,0.003109056969833229,0.4994840880441237,0.5015451687904057,0.49999935898791686,0.3321895535317211,0.4981964307032934,0.25,1.1399947361257496,2.4705363604289706e-06,0.39566455286459584,0.9999518283651622,4.381200207979418,7901,1803.3871142455484,5.9943952560424805,94080000
280,0.8022914243233293,0.8015199427800214,0.0030859428528758064,0.5028230321209667,0.5026564890939124,0.5027813992610748,0.3354463555732568,0.4985128463959184,0.25,1.1400124173785384,2.3344376124364343e-06,0.39606614669578694,0.999956290518842,4.066175814019516,7901,1943.1033878954843,5.9943952560424805,94080000
281,0.8017085562580946,0.8009525386612109,0.003024076445316034,0.49978208113374506,0.49078459868912694,0.49753270850364445,0.33067565397844484,0.5048411590149849,0.25,1.1399659293767033,2.204860489714402e-06,0.39644843081366926,0.9999605381201518,4.070255889964756,7901,1941.155596501923,5.9943952560424805,94080000
282,0.8014913224491979,0.8007262094294537,0.003060436191445377,0.5045575654864266,0.5020620581236478,0.5039336903685785,0.33558746670683853,0.5008543223659384,0.25,1.1400330616483023,2.0818225370271246e-06,0.39681136329197325,0.9999645707032442,4.523837618005928,7901,1746.525995661776,5.9943952560424805,94080000
283,0.8018678339534644,0.801106886295801,0.0030437824681142874,0.4980707213088329,0.4979119345804149,0.4980310206548456,0.33107639180227344,0.5000949246025496,0.25,1.1399629242192972,1.9653404137341595e-06,0.39715490432678296,0.9999683878258532,4.069608071993571,7901,1941.4645981202689,5.9943952560424805,94080000
284,0.8013130300649434,0.8005497075608826,0.003053280624041541,0.49876479799800877,0.49702827978882513,0.4983306687521853,0.3312125290221707,0.5003480570683855,0.25,1.1399910230000492,1.855429891534639e-06,0.3974790162409015,0.9999719890693434,4.553019525017589,7901,1735.3318949295472,5.9943952560424805,94080000
285,0.8016864540923654,0.800924490387116,0.0030478454287965573,0.4979676711734315,0.5022783252977446,0.4990453368658477,0.3302951135781427,0.49832299694941323,0.25,1.1400215289152478,1.7521058523318048e-06,0.3977836634879828,0.9999753740387554,4.128032956039533,7901,1913.9866576017555,5.9943952560424805,94080000
286,0.8015667653479104,0.8008113659087532,0.003021595387832377,0.49564556914588315,0.5025075320321809,0.497361058989532,0.33236460655327915,0.49724718376120924,0.25,1.1400029461620096,1.6553822862179939e-06,0.39806881265643085,0.9999785423628492,4.404122510983143,7901,1794.0009571251096,5.9943952560424805,94080000
287,0.80209756610424,0.8013278002483062,0.0030790540315338124,0.5053780259338908,0.5013585685778382,0.5043731645577588,0.3359296698613101,0.5022465507979031,0.25,1.140024387569401,1.565272289580368e-06,0.3983344324730633,0.9999814936941451,3.752309971023351,7901,2105.6362776567726,5.9943952560424805,94080000
288,0.8018321128166743,0.8010775462356855,0.0030182663239552814,0.4993250335021768,0.49730774447550097,0.4988207126053024,0.3322074745383659,0.5006011897529956,0.25,1.1400092410793818,1.4817880633276749e-06,0.39858049380654176,0.9999842277089616,4.245489956985693,7901,1861.0337275676247,5.9943952560424805,94080000
289,0.8018360395715775,0.8010609887050928,0.003100187751918243,0.4994840880441237,0.5015451687904057,0.49999935898791686,0.3321895535317211,0.4981964307032934,0.25,1.1399947361257496,1.4049409112382203e-06,0.3988069696705665,0.9999867441074507,3.998078737000469,7901,1976.1991996004738,5.9943952560424805,94080000
290,0.8022085147754344,0.8014389187259744,0.0030783731384287,0.5028230321209667,0.5026564890939124,0.5027813992610748,0.3354463555732568,0.4985128463959184,0.25,1.1400124173785384,1.3347412384293648e-06,0.3990138352268361,0.9999890426136315,4.33370878797723,7901,1823.1497284541385,5.9943952560424805,94080000
291,0.8016258531273988,0.8008718138751373,0.003016159468369459,0.49978208113374506,0.49078459868912694,0.49753270850364445,0.33067565397844484,0.5048411590149849,0.25,1.1399659293767033,1.271198549948642e-06,0.3992010677877718,0.9999911229754197,4.129117676988244,7901,1913.4838525025875,5.9943952560424805,94080000
292,0.801416531844526,0.8006531169800468,0.003053660159502704,0.5045575654864266,0.5020620581236478,0.5039336903685785,0.33558746670683853,0.5008543223659384,0.25,1.1400330616483023,1.2143214494867942e-06,0.3993686468190055,0.9999929849646556,4.521209572034422,7901,1747.5411997866674,5.9943952560424805,94080000
293,0.8017961518204132,0.8010368684457384,0.0030371296362037403,0.4980707213088329,0.4979119345804149,0.4980310206548456,0.33107639180227344,0.5000949246025496,0.25,1.1399629242192972,1.1641176382128071e-06,0.39951655394163177,0.9999946283771293,4.1268748080474325,7901,1914.5237903977604,5.9943952560424805,94080000
294,0.8012341146543952,0.8004725773852621,0.0030461609280572604,0.49876479799800877,0.49702827978882513,0.4983306687521853,0.3312125290221707,0.5003480570683855,0.25,1.1399910230000492,1.1205939137312026e-06,0.3996447729342236,0.9999960530326025,4.541737781022675,7901,1739.6424850888045,5.9943952560424805,94080000
295,0.8016233090554109,0.8008629274645903,0.0030415306633265016,0.4979676711734315,0.5022783252977446,0.4990453368658477,0.3302951135781427,0.49832299694941323,0.25,1.1400215289152478,1.0837561691616127e-06,0.39975328973461166,0.999997258774829,4.098981021961663,7901,1927.5522276555437,5.9943952560424805,94080000
