k,epoch,dataset,accuracy,balanced_accuracy,macro_f1,weighted_f1
8,100,mhist,0.7676767676767676,0.7676767676767677,0.7672968829841594,0.7672968829841595
8,100,crc_val_he_7k,0.9738562091503268,0.9738562091503269,0.9739947604970316,0.9739947604970317
8,100,breakhis_8subtype,0.6676136363636364,0.6676136363636364,0.6642526623443991,0.6642526623443991
8,100,kather_2016,0.9112903225806451,0.9112903225806452,0.9111907395006938,0.9111907395006937
8,100,bach,0.7,0.7,0.6870915032679739,0.6870915032679739
8,100,sicapv2_4class,0.5684210526315789,0.5684210526315789,0.5434819629534701,0.5434819629534701
8,100,wsss4luad_3class,0.8266666666666667,0.8266666666666667,0.8265083754594612,0.826508375459461
8,100,oral_oscc,0.8114754098360656,0.7458286985539488,0.7429225836005497,0.8125635499350421
8,100,endometrial_4class,0.5188679245283019,0.5188679245283019,0.5211372064154952,0.5211372064154952
8,100,osteosarcoma_3class,0.43529411764705883,0.32030188312948943,0.33088512241054613,0.46681289464938514
8,100,gashissdb_binary,0.885,0.885,0.8849741191768148,0.8849741191768148
8,100,renalcell_6class,0.6358024691358025,0.6358024691358025,0.6279849826391047,0.6279849826391047
8,100,ebhi_seg_6class,0.7005347593582888,0.5011181394160118,0.5051820060469641,0.6814412919574352
8,100,lc25000_5class,0.964,0.9640000000000001,0.9639867948379471,0.9639867948379471
8,100,pcam_binary,0.87,0.87,0.8698828946051447,0.8698828946051447
16,100,mhist,0.7323232323232324,0.7323232323232323,0.730778111290695,0.730778111290695
16,100,crc_val_he_7k,0.9640522875816994,0.9640522875816993,0.9641448907777114,0.9641448907777113
16,100,breakhis_8subtype,0.6704545454545454,0.6704545454545454,0.6693431927362186,0.6693431927362186
16,100,kather_2016,0.8951612903225806,0.8951612903225806,0.8954122796133485,0.8954122796133485
16,100,bach,0.575,0.575,0.5535130718954249,0.5535130718954248
16,100,sicapv2_4class,0.5421052631578948,0.5421052631578948,0.5409250776912534,0.5409250776912534
16,100,wsss4luad_3class,0.8566666666666667,0.8566666666666668,0.8550547463493334,0.8550547463493334
16,100,oral_oscc,0.7786885245901639,0.7243233222098628,0.7111286503551697,0.7844139376609262
16,100,endometrial_4class,0.4716981132075472,0.4716981132075472,0.4709437078117674,0.4709437078117674
16,100,osteosarcoma_3class,0.5088235294117647,0.5121578334304019,0.382685647037144,0.5497568081522667
16,100,gashissdb_binary,0.895,0.895,0.8948712172411204,0.8948712172411203
16,100,renalcell_6class,0.595679012345679,0.595679012345679,0.5812398930045989,0.5812398930045988
16,100,ebhi_seg_6class,0.6737967914438503,0.5824537917623024,0.5601543055014019,0.6673772073935813
16,100,lc25000_5class,0.966,0.966,0.9658063009573933,0.9658063009573933
16,100,pcam_binary,0.88,0.88,0.8799519807923168,0.879951980792317
32,100,mhist,0.7828282828282829,0.7828282828282829,0.7823786519438694,0.7823786519438692
32,100,crc_val_he_7k,0.9771241830065359,0.977124183006536,0.9770689809625566,0.9770689809625565
32,100,breakhis_8subtype,0.65625,0.65625,0.6530821490078063,0.6530821490078064
32,100,kather_2016,0.9233870967741935,0.9233870967741935,0.923203432015447,0.923203432015447
32,100,bach,0.675,0.675,0.6162008281573499,0.6162008281573499
32,100,sicapv2_4class,0.5815789473684211,0.5815789473684211,0.5584498186186002,0.5584498186186002
32,100,wsss4luad_3class,0.8766666666666667,0.8766666666666666,0.8761315184124906,0.8761315184124906
32,100,oral_oscc,0.7213114754098361,0.7222840192806823,0.675125313283208,0.7393843214593862
32,100,endometrial_4class,0.5188679245283019,0.5188679245283019,0.5207678034298214,0.5207678034298215
32,100,osteosarcoma_3class,0.49411764705882355,0.35010192195690154,0.3696120689655173,0.5369536004056795
32,100,gashissdb_binary,0.88,0.88,0.8799519807923168,0.879951980792317
32,100,renalcell_6class,0.6080246913580247,0.6080246913580246,0.6003693255286584,0.6003693255286584
32,100,ebhi_seg_6class,0.6577540106951871,0.5574123632634271,0.5393262364403182,0.6542168612910001
32,100,lc25000_5class,0.964,0.9640000000000001,0.9639407857117611,0.963940785711761
32,100,pcam_binary,0.795,0.7949999999999999,0.7931330255556397,0.7931330255556397
8,150,mhist,0.7626262626262627,0.7626262626262627,0.7618913594145793,0.7618913594145792
8,150,crc_val_he_7k,0.9771241830065359,0.977124183006536,0.9771687173679768,0.9771687173679768
8,150,breakhis_8subtype,0.7102272727272727,0.7102272727272727,0.705001862600694,0.7050018626006939
8,150,kather_2016,0.9395161290322581,0.9395161290322581,0.9394580643115631,0.9394580643115631
8,150,bach,0.775,0.775,0.7748120300751881,0.7748120300751878
8,150,sicapv2_4class,0.5394736842105263,0.5394736842105263,0.5432108233535877,0.5432108233535877
8,150,wsss4luad_3class,0.7966666666666666,0.7966666666666667,0.7945832114457562,0.7945832114457562
8,150,oral_oscc,0.8524590163934426,0.7845754542083796,0.7914133738601824,0.8506091484378894
8,150,endometrial_4class,0.49056603773584906,0.49056603773584906,0.4907181253806737,0.4907181253806738
8,150,osteosarcoma_3class,0.46176470588235297,0.4849543777907203,0.35272157422079337,0.5032931420275635
8,150,gashissdb_binary,0.87,0.87,0.8697916666666667,0.8697916666666667
8,150,renalcell_6class,0.6172839506172839,0.6172839506172839,0.6080586156964521,0.6080586156964521
8,150,ebhi_seg_6class,0.7433155080213903,0.6045097675416825,0.594352238357453,0.7325994489836309
8,150,lc25000_5class,0.966,0.966,0.9659296745576536,0.9659296745576534
8,150,pcam_binary,0.825,0.825,0.8249956248906223,0.8249956248906223
16,150,mhist,0.8080808080808081,0.8080808080808081,0.8080808080808081,0.8080808080808081
16,150,crc_val_he_7k,0.9836601307189542,0.9836601307189543,0.9836217771541155,0.9836217771541155
16,150,breakhis_8subtype,0.7102272727272727,0.7102272727272727,0.7083621666544905,0.7083621666544905
16,150,kather_2016,0.9112903225806451,0.9112903225806451,0.9107869923339935,0.9107869923339935
16,150,bach,0.675,0.675,0.6495670995670996,0.6495670995670995
16,150,sicapv2_4class,0.5657894736842105,0.5657894736842105,0.5312154057372931,0.5312154057372932
16,150,wsss4luad_3class,0.82,0.82,0.8181364859782817,0.8181364859782817
16,150,oral_oscc,0.7459016393442623,0.7146829810901001,0.6867908902691511,0.7581699080202288
16,150,endometrial_4class,0.5141509433962265,0.5141509433962265,0.5143115942028986,0.5143115942028985
16,150,osteosarcoma_3class,0.5117647058823529,0.37121432731508447,0.3805733514527923,0.5450980392156862
16,150,gashissdb_binary,0.91,0.91,0.9099639855942376,0.9099639855942376
16,150,renalcell_6class,0.595679012345679,0.595679012345679,0.5797147362808439,0.579714736280844
16,150,ebhi_seg_6class,0.7486631016042781,0.6432054394820352,0.6400377296988958,0.7361324236998864
16,150,lc25000_5class,0.972,0.9719999999999999,0.9719992999824996,0.9719992999824995
16,150,pcam_binary,0.615,0.615,0.5882242840717666,0.5882242840717666
32,150,mhist,0.7929292929292929,0.7929292929292929,0.7927971617448123,0.7927971617448123
32,150,crc_val_he_7k,0.9738562091503268,0.9738562091503267,0.9739432141081186,0.9739432141081187
32,150,breakhis_8subtype,0.7357954545454546,0.7357954545454545,0.7323509780532247,0.7323509780532246
32,150,kather_2016,0.9213709677419355,0.9213709677419355,0.9208652287369135,0.9208652287369135
32,150,bach,0.725,0.725,0.7158730158730159,0.7158730158730158
32,150,sicapv2_4class,0.5,0.5,0.47986814575956505,0.4798681457595651
32,150,wsss4luad_3class,0.8433333333333334,0.8433333333333334,0.8419945144779323,0.8419945144779323
32,150,oral_oscc,0.7459016393442623,0.7502780867630701,0.7016173570019724,0.7619193584893459
32,150,endometrial_4class,0.5566037735849056,0.5566037735849056,0.5569199920425856,0.5569199920425856
32,150,osteosarcoma_3class,0.4647058823529412,0.5042224810716366,0.3582453720606331,0.4975218187067939
32,150,gashissdb_binary,0.87,0.8700000000000001,0.8695303091128062,0.8695303091128062
32,150,renalcell_6class,0.6512345679012346,0.6512345679012346,0.6453308830375716,0.6453308830375716
32,150,ebhi_seg_6class,0.7272727272727273,0.5710385303470411,0.5874431394899232,0.7213925948891706
32,150,lc25000_5class,0.98,0.9800000000000001,0.9799597489937248,0.9799597489937248
32,150,pcam_binary,0.775,0.775,0.7729508817074093,0.7729508817074094
8,200,mhist,0.797979797979798,0.797979797979798,0.7978973155047464,0.7978973155047465
8,200,crc_val_he_7k,0.9803921568627451,0.9803921568627452,0.9803893292842409,0.980389329284241
8,200,breakhis_8subtype,0.7301136363636364,0.7301136363636365,0.7315339641022984,0.7315339641022983
8,200,kather_2016,0.9455645161290323,0.9455645161290323,0.9460669027069895,0.9460669027069895
8,200,bach,0.775,0.775,0.7661616161616163,0.7661616161616162
8,200,sicapv2_4class,0.5710526315789474,0.5710526315789474,0.5657191585895701,0.5657191585895701
8,200,wsss4luad_3class,0.8233333333333334,0.8233333333333333,0.8220212467348086,0.8220212467348087
8,200,oral_oscc,0.8032786885245902,0.8116425658138673,0.7635658914728682,0.8143982716990722
8,200,endometrial_4class,0.5471698113207547,0.5471698113207547,0.5499782143947878,0.5499782143947878
8,200,osteosarcoma_3class,0.43823529411764706,0.4725538730343623,0.35212194807000813,0.49811885392454847
8,200,gashissdb_binary,0.92,0.9199999999999999,0.9199679871948779,0.919967987194878
8,200,renalcell_6class,0.6358024691358025,0.6358024691358025,0.6307283669543425,0.6307283669543425
8,200,ebhi_seg_6class,0.7807486631016043,0.6798596264021796,0.6693089795266856,0.7757793934020226
8,200,lc25000_5class,0.972,0.9720000000000001,0.9719992999824996,0.9719992999824996
8,200,pcam_binary,0.835,0.835,0.8347976270931892,0.8347976270931892
16,200,mhist,0.8080808080808081,0.8080808080808081,0.8080024497295091,0.808002449729509
16,200,crc_val_he_7k,0.9705882352941176,0.9705882352941175,0.9705705519119269,0.970570551911927
16,200,breakhis_8subtype,0.75,0.75,0.747277665283794,0.747277665283794
16,200,kather_2016,0.9556451612903226,0.9556451612903226,0.9556705727244686,0.9556705727244686
16,200,bach,0.8,0.8,0.7949419002050581,0.794941900205058
16,200,sicapv2_4class,0.5763157894736842,0.5763157894736841,0.5417885156638953,0.5417885156638953
16,200,wsss4luad_3class,0.8833333333333333,0.8833333333333333,0.8831549409653442,0.8831549409653443
16,200,oral_oscc,0.8278688524590164,0.7803114571746386,0.7704918032786885,0.8306906745498521
16,200,endometrial_4class,0.5,0.5,0.5005191923066384,0.5005191923066385
16,200,osteosarcoma_3class,0.5,0.5232236458940012,0.3912370569305999,0.5496254629715103
16,200,gashissdb_binary,0.895,0.895,0.8947869435607105,0.8947869435607104
16,200,renalcell_6class,0.6265432098765432,0.6265432098765432,0.6116367075851182,0.6116367075851182
16,200,ebhi_seg_6class,0.732620320855615,0.6519199027177751,0.6265232993266819,0.7281248538885371
16,200,lc25000_5class,0.964,0.9640000000000001,0.9638455548345229,0.963845554834523
16,200,pcam_binary,0.875,0.875,0.8746207277012964,0.8746207277012965
32,200,mhist,0.8383838383838383,0.8383838383838385,0.8383673469387756,0.8383673469387756
32,200,crc_val_he_7k,0.9640522875816994,0.9640522875816993,0.9642080660973862,0.9642080660973862
32,200,breakhis_8subtype,0.7443181818181818,0.7443181818181818,0.7411414593339101,0.74114145933391
32,200,kather_2016,0.9233870967741935,0.9233870967741935,0.9232418491961252,0.9232418491961251
32,200,bach,0.725,0.7250000000000001,0.710948494230228,0.710948494230228
32,200,sicapv2_4class,0.5368421052631579,0.5368421052631579,0.5162859361627398,0.5162859361627398
32,200,wsss4luad_3class,0.84,0.84,0.8394301484957757,0.8394301484957756
32,200,oral_oscc,0.8114754098360656,0.7695587690025956,0.7539244058581075,0.8163526135630113
32,200,endometrial_4class,0.5613207547169812,0.5613207547169811,0.558221658111156,0.5582216581111559
32,200,osteosarcoma_3class,0.5088235294117647,0.5377839254513687,0.39699385118407404,0.5519679130606574
32,200,gashissdb_binary,0.915,0.915,0.9149808706959066,0.9149808706959065
32,200,renalcell_6class,0.654320987654321,0.6543209876543209,0.6467142393447507,0.6467142393447508
32,200,ebhi_seg_6class,0.7219251336898396,0.6578662336641061,0.6325288889567644,0.7158007236861612
32,200,lc25000_5class,0.976,0.976,0.9759597489937247,0.9759597489937248
32,200,pcam_binary,0.8,0.8,0.7994987468671679,0.7994987468671678
8,250,mhist,0.7929292929292929,0.7929292929292929,0.7922882071488883,0.7922882071488883
8,250,crc_val_he_7k,0.9869281045751634,0.9869281045751634,0.9869266907859114,0.9869266907859113
8,250,breakhis_8subtype,0.75,0.75,0.7459949779409217,0.7459949779409217
8,250,kather_2016,0.9375,0.9375,0.9379771266562864,0.9379771266562862
8,250,bach,0.725,0.725,0.7257575757575757,0.7257575757575758
8,250,sicapv2_4class,0.5684210526315789,0.5684210526315789,0.5646360357972222,0.5646360357972222
8,250,wsss4luad_3class,0.8533333333333334,0.8533333333333334,0.8523204976071411,0.8523204976071412
8,250,oral_oscc,0.8032786885245902,0.7641824249165741,0.7458333333333333,0.8092213114754099
8,250,endometrial_4class,0.5471698113207547,0.5471698113207547,0.5541231715144759,0.5541231715144759
8,250,osteosarcoma_3class,0.47058823529411764,0.6613278974956319,0.38325705515568,0.5329300681102573
8,250,gashissdb_binary,0.905,0.905,0.9049786201895427,0.9049786201895427
8,250,renalcell_6class,0.6296296296296297,0.6296296296296297,0.6205084999594569,0.6205084999594569
8,250,ebhi_seg_6class,0.7005347593582888,0.5785638338829828,0.5753021132742048,0.6941973649521842
8,250,lc25000_5class,0.976,0.976,0.976,0.976
8,250,pcam_binary,0.86,0.86,0.859775641025641,0.859775641025641
16,250,mhist,0.8282828282828283,0.8282828282828283,0.8282127181790344,0.8282127181790344
16,250,crc_val_he_7k,0.9673202614379085,0.9673202614379084,0.9672749429825152,0.9672749429825153
16,250,breakhis_8subtype,0.7215909090909091,0.7215909090909092,0.7175789703614801,0.7175789703614801
16,250,kather_2016,0.9576612903225806,0.9576612903225807,0.9582510323079438,0.958251032307944
16,250,bach,0.575,0.575,0.5605201863354037,0.5605201863354037
16,250,sicapv2_4class,0.5842105263157895,0.5842105263157894,0.559035099529396,0.559035099529396
16,250,wsss4luad_3class,0.8933333333333333,0.8933333333333332,0.8931959880726484,0.8931959880726484
16,250,oral_oscc,0.7540983606557377,0.7556544308490916,0.7090620031796502,0.7691104798144335
16,250,endometrial_4class,0.5518867924528302,0.5518867924528301,0.552171309283664,0.5521713092836639
16,250,osteosarcoma_3class,0.5352941176470588,0.7040380508639098,0.418018018018018,0.5838473767885531
16,250,gashissdb_binary,0.88,0.88,0.8798076923076923,0.8798076923076923
16,250,renalcell_6class,0.6172839506172839,0.6172839506172839,0.5981498808960134,0.5981498808960134
16,250,ebhi_seg_6class,0.7540106951871658,0.6690502900609284,0.6460787306375543,0.7444275159673083
16,250,lc25000_5class,0.976,0.976,0.9759993999849996,0.9759993999849996
16,250,pcam_binary,0.89,0.89,0.8892914653784219,0.8892914653784219
32,250,mhist,0.8383838383838383,0.8383838383838385,0.8383178524037971,0.8383178524037971
32,250,crc_val_he_7k,0.9771241830065359,0.9771241830065358,0.9771114515589073,0.9771114515589076
32,250,breakhis_8subtype,0.7727272727272727,0.7727272727272727,0.7699424165402701,0.7699424165402701
32,250,kather_2016,0.9334677419354839,0.933467741935484,0.9339524600901439,0.933952460090144
32,250,bach,0.675,0.675,0.66504329004329,0.66504329004329
32,250,sicapv2_4class,0.5210526315789473,0.5210526315789473,0.5081299356978575,0.5081299356978575
32,250,wsss4luad_3class,0.8633333333333333,0.8633333333333333,0.8627688744304568,0.8627688744304568
32,250,oral_oscc,0.819672131147541,0.810530218761587,0.7757352941176471,0.8278085824493733
32,250,endometrial_4class,0.589622641509434,0.5896226415094339,0.5870825743776563,0.5870825743776563
32,250,osteosarcoma_3class,0.5058823529411764,0.536133760434867,0.39321282820902276,0.5459102656012722
32,250,gashissdb_binary,0.91,0.91,0.90999099909991,0.90999099909991
32,250,renalcell_6class,0.6481481481481481,0.648148148148148,0.6396301225894919,0.6396301225894918
32,250,ebhi_seg_6class,0.786096256684492,0.7426683639449596,0.6887623496272633,0.7731472477271628
32,250,lc25000_5class,0.968,0.968,0.9679412395239957,0.9679412395239958
32,250,pcam_binary,0.84,0.8400000000000001,0.8398558702832549,0.8398558702832548
