k,epoch,dataset,i2t_mean_recall,i2t_r@1,i2t_r@10,i2t_r@5,overall_mean_recall,t2i_mean_recall,t2i_r@1,t2i_r@10,t2i_r@5
8,100,arch,0.11238095238095237,0.03571428571428571,0.18428571428571427,0.11714285714285715,0.11690067092128947,0.12142038946162657,0.03264604810996564,0.1958762886597938,0.13573883161512026
8,100,ipath,0.07428571428571429,0.018571428571428572,0.13142857142857142,0.07285714285714286,0.07352783366867874,0.0727699530516432,0.018779342723004695,0.11267605633802817,0.08685446009389672
8,100,pathcap,0.035238095238095235,0.012857142857142857,0.06428571428571428,0.02857142857142857,0.033082965144820814,0.030927835051546393,0.004418262150220913,0.061855670103092786,0.026509572901325478
16,100,arch,0.11142857142857143,0.03142857142857143,0.18142857142857144,0.12142857142857143,0.11642448044509901,0.12142038946162657,0.0429553264604811,0.1958762886597938,0.1254295532646048
16,100,ipath,0.06999999999999999,0.027142857142857142,0.11,0.07285714285714286,0.07490610328638497,0.07981220657276995,0.014084507042253521,0.13145539906103287,0.09389671361502347
16,100,pathcap,0.03619047619047619,0.012857142857142857,0.06142857142857143,0.03428571428571429,0.03454099165439371,0.03289150711831124,0.008836524300441826,0.05891016200294551,0.030927835051546393
32,100,arch,0.11904761904761905,0.037142857142857144,0.2,0.12,0.1205203730976927,0.12199312714776633,0.041237113402061855,0.20790378006872853,0.11683848797250859
32,100,ipath,0.06,0.007142857142857143,0.11714285714285715,0.055714285714285716,0.06247261345852895,0.0649452269170579,0.01643192488262911,0.11971830985915492,0.05868544600938967
32,100,pathcap,0.03428571428571429,0.01,0.06,0.032857142857142856,0.03579774177712322,0.037309769268532154,0.007363770250368188,0.0662739322533137,0.03829160530191458
8,150,arch,0.13523809523809524,0.045714285714285714,0.20714285714285716,0.15285714285714286,0.1380657830142366,0.140893470790378,0.048109965635738834,0.22336769759450173,0.15120274914089346
8,150,ipath,0.07333333333333333,0.02,0.13428571428571429,0.06571428571428571,0.06796557120500782,0.06259780907668232,0.01643192488262911,0.10328638497652583,0.06807511737089202
8,150,pathcap,0.04238095238095238,0.011428571428571429,0.07142857142857142,0.04428571428571428,0.04401816396661758,0.045655375552282766,0.014727540500736377,0.07216494845360824,0.050073637702503684
16,150,arch,0.11238095238095237,0.03,0.1957142857142857,0.11142857142857143,0.11260513827524136,0.11282932416953036,0.029209621993127148,0.1958762886597938,0.1134020618556701
16,150,ipath,0.07047619047619048,0.022857142857142857,0.11714285714285715,0.07142857142857142,0.07123183545718757,0.07198748043818466,0.018779342723004695,0.12206572769953052,0.07511737089201878
16,150,pathcap,0.037142857142857144,0.005714285714285714,0.06857142857142857,0.037142857142857144,0.034771723122238585,0.03240058910162003,0.005891016200294551,0.061855670103092786,0.029455081001472753
32,150,arch,0.10666666666666667,0.02857142857142857,0.1757142857142857,0.11571428571428571,0.12177548682703321,0.13688430698739976,0.0429553264604811,0.22508591065292097,0.14261168384879724
32,150,ipath,0.0880952380952381,0.024285714285714285,0.15,0.09,0.08708361278783815,0.08607198748043819,0.03051643192488263,0.14084507042253522,0.08685446009389672
32,150,pathcap,0.03190476190476191,0.008571428571428572,0.05285714285714286,0.03428571428571429,0.03239813451153657,0.03289150711831124,0.008836524300441826,0.060382916053019146,0.029455081001472753
8,200,arch,0.13999999999999999,0.037142857142857144,0.23285714285714285,0.15,0.13844215349369987,0.13688430698739976,0.054982817869415807,0.21477663230240548,0.140893470790378
8,200,ipath,0.08666666666666667,0.022857142857142857,0.1442857142857143,0.09285714285714286,0.08676056338028168,0.0868544600938967,0.03286384976525822,0.13849765258215962,0.0892018779342723
8,200,pathcap,0.04238095238095238,0.014285714285714285,0.07285714285714286,0.04,0.0413181148748159,0.04025527736867943,0.008836524300441826,0.07658321060382917,0.035346097201767304
16,200,arch,0.1257142857142857,0.027142857142857142,0.22142857142857142,0.12857142857142856,0.12872197676321387,0.13172966781214204,0.041237113402061855,0.21649484536082475,0.13745704467353953
16,200,ipath,0.08047619047619048,0.02857142857142857,0.14285714285714285,0.07,0.08523027051196067,0.08998435054773084,0.025821596244131457,0.1596244131455399,0.08450704225352113
16,200,pathcap,0.03571428571428571,0.011428571428571429,0.05714285714285714,0.03857142857142857,0.03454835542464409,0.033382425135002454,0.008836524300441826,0.05743740795287187,0.033873343151693665
32,200,arch,0.12714285714285714,0.037142857142857144,0.20857142857142857,0.1357142857142857,0.12542709867452134,0.12371134020618557,0.03951890034364261,0.20446735395189003,0.12714776632302405
32,200,ipath,0.08523809523809522,0.018571428571428572,0.15428571428571428,0.08285714285714285,0.07978649675832775,0.07433489827856025,0.01643192488262911,0.13145539906103287,0.07511737089201878
32,200,pathcap,0.03523809523809524,0.007142857142857143,0.05857142857142857,0.04,0.03357388316151203,0.03190967108492882,0.007363770250368188,0.061855670103092786,0.026509572901325478
8,250,arch,0.14142857142857143,0.037142857142857144,0.23142857142857143,0.15571428571428572,0.1400155457371952,0.13860252004581902,0.0429553264604811,0.218213058419244,0.15463917525773196
8,250,ipath,0.06857142857142857,0.017142857142857144,0.12428571428571429,0.06428571428571428,0.07301810865191147,0.07746478873239437,0.025821596244131457,0.13145539906103287,0.07511737089201878
8,250,pathcap,0.045714285714285714,0.012857142857142857,0.07285714285714286,0.05142857142857143,0.0442120765832106,0.04270986745213549,0.010309278350515464,0.07511045655375552,0.042709867452135494
16,250,arch,0.12666666666666668,0.04,0.2,0.14,0.13063001145475372,0.13459335624284077,0.03951890034364261,0.23024054982817868,0.13402061855670103
16,250,ipath,0.07809523809523809,0.025714285714285714,0.13428571428571429,0.07428571428571429,0.08325732170802594,0.08841940532081377,0.028169014084507043,0.15023474178403756,0.08685446009389672
16,250,pathcap,0.04,0.008571428571428572,0.06857142857142857,0.04285714285714286,0.04061855670103093,0.041237113402061855,0.010309278350515464,0.07069219440353461,0.042709867452135494
32,250,arch,0.12619047619047621,0.03428571428571429,0.20714285714285716,0.13714285714285715,0.12666912125675012,0.12714776632302405,0.0429553264604811,0.20446735395189003,0.13402061855670103
32,250,ipath,0.08047619047619048,0.025714285714285714,0.13714285714285715,0.07857142857142857,0.07584059915045831,0.07120500782472614,0.02112676056338028,0.12910798122065728,0.06338028169014084
32,250,pathcap,0.037142857142857144,0.005714285714285714,0.06142857142857143,0.04428571428571428,0.03378988708885616,0.030436917034855182,0.010309278350515464,0.050073637702503684,0.030927835051546393
