dataset,method,epoch,test_pairs,unique_caption_candidates,i2t_mean_recall,i2t_r@1,i2t_r@10,i2t_r@5,overall_mean_recall,t2i_mean_recall,t2i_r@1,t2i_r@10,t2i_r@5
pathcap,lejepa,100,700,679,0.03571428571428571,0.004285714285714286,0.06428571428571428,0.03857142857142857,0.03651202749140893,0.037309769268532154,0.005891016200294551,0.06332842415316642,0.042709867452135494
pathcap,simplex_sigreg_lejepa,100,700,679,0.032857142857142856,0.005714285714285714,0.05857142857142857,0.03428571428571429,0.034101620029455076,0.035346097201767304,0.005891016200294551,0.0662739322533137,0.033873343151693665
pathcap,lejepa,150,700,679,0.032857142857142856,0.01,0.05714285714285714,0.03142857142857143,0.033119783996072655,0.033382425135002454,0.005891016200294551,0.060382916053019146,0.033873343151693665
pathcap,simplex_sigreg_lejepa,150,700,679,0.032857142857142856,0.008571428571428572,0.06,0.03,0.035574374079528716,0.038291605301914576,0.005891016200294551,0.07216494845360824,0.036818851251840944
pathcap,lejepa,200,700,679,0.03333333333333333,0.008571428571428572,0.06142857142857143,0.03,0.035321551300932744,0.037309769268532154,0.004418262150220913,0.0662739322533137,0.041237113402061855
pathcap,simplex_sigreg_lejepa,200,700,679,0.03,0.007142857142857143,0.06428571428571428,0.018571428571428572,0.03316396661757487,0.03632793323514973,0.010309278350515464,0.0662739322533137,0.03240058910162003
pathcap,lejepa,250,700,679,0.03571428571428572,0.005714285714285714,0.06857142857142857,0.032857142857142856,0.04019391261659303,0.044673539518900345,0.007363770250368188,0.08100147275405008,0.045655375552282766
pathcap,simplex_sigreg_lejepa,250,700,679,0.02666666666666667,0.005714285714285714,0.04428571428571428,0.03,0.023888070692194403,0.021109474717722138,0.004418262150220913,0.042709867452135494,0.016200294550810016
pathcap,lejepa,300,700,679,0.03571428571428571,0.005714285714285714,0.06428571428571428,0.037142857142857144,0.03872115856651939,0.041728031418753066,0.007363770250368188,0.07511045655375552,0.042709867452135494
pathcap,simplex_sigreg_lejepa,300,700,679,0.03666666666666667,0.004285714285714286,0.06857142857142857,0.037142857142857144,0.03772459499263622,0.03878252331860579,0.007363770250368188,0.07216494845360824,0.036818851251840944
