epoch,samples,seconds,samples_per_second,learning_rate,weight_decay,peak_gpu_memory_gib,loss,gradient_norm,invariance_loss,sigreg_loss,logical_views
1,7901,23.00888377800584,343.38910467062965,1.6398731114576054e-05,0.05,12.240955829620361,4.44128407346887,13.849006241536596,0.29195468169030564,207.44253891912416,8.0
2,7901,22.51314634201117,350.9505015412332,3.30662938867681e-05,0.05,12.240955829620361,2.1495840265213455,5.873203627566207,0.6008149825188347,77.43776104290596,8.0
3,7901,22.788865396985784,346.70440420632093,4.973385665896016e-05,0.05,12.240955829620361,1.753336601899464,4.351917361899307,0.6825188249670211,53.535217061131505,8.0
4,7901,22.875104630133137,345.39732725821483,6.640141943115221e-05,0.05,12.240955829620361,1.5320480463399477,3.3503550571243217,0.6938461997873827,41.912542716111886,8.0
5,7901,22.713672465877607,347.85215873256726,8.306898220334426e-05,0.05,12.240955829620361,1.4009453232809497,2.8978276289560996,0.6895220852202968,35.56787115554993,8.0
6,7901,23.054158970015123,342.71473577831483,9.973654497553632e-05,0.05,12.240955829620361,1.3089969844972615,2.6280749172157103,0.6806867356587627,31.4132230097456,8.0
7,7901,22.76933451392688,347.00179731504,0.00011640410774772836,0.05,12.240955829620361,1.2227509758349024,2.3075273135178844,0.6690164297958701,27.684011517529427,8.0
8,7901,22.747009282000363,347.3423649698001,0.00013307167051992042,0.05,12.240955829620361,1.1457667172581256,2.069249902189781,0.6575989242053276,24.407480065814454,8.0
9,7901,22.169420941034332,356.3918074817958,0.00014973923329211249,0.05,12.240955829620361,1.0828859149662848,1.9709685397984,0.6360907148988982,22.343769775977723,8.0
10,7901,22.714768500998616,347.83537413787184,0.00016640679606430453,0.05,12.240955829620361,1.0351059533586806,1.8854979928151487,0.616255437123777,20.948163207188962,8.0
11,7901,22.585116837872192,349.8321508238155,0.00018307435883649657,0.05,12.240955829620361,0.9949898824799198,1.7767882041426615,0.59921744364362,19.790572395899254,8.0
12,7901,22.550895402906463,350.36302811203154,0.00019974192160868864,0.05,12.240955829620361,0.9598691557845108,1.7534359497988379,0.5800930099643615,18.99159125427161,8.0
13,7901,22.705268539022654,347.9809096475059,0.00021640948438088068,0.05,12.240955829620361,0.9326170650996252,1.6520840619398272,0.5676780937668825,18.24157543348943,8.0
14,7901,23.181197493104264,340.8365768140459,0.00023307704715307272,0.05,12.240955829620361,0.9113384211475284,1.6391550737941527,0.5555695706855616,17.78852360460701,8.0
15,7901,23.033531905151904,343.0216448148269,0.0002497446099252648,0.05,12.240955829620361,0.9019563621002697,1.6201837837145368,0.5516412318952324,17.518644791798508,8.0
16,7901,22.877810346195474,345.3564777589791,0.0002664121726974568,0.05,12.240955829620361,0.8923080868395714,1.6365219686562738,0.5456950196645303,17.33436432097203,8.0
17,7901,22.86570088402368,345.5393753322666,0.0002830797354696489,0.05,12.240955829620361,0.88380126675659,1.6222717363522665,0.5433296294638423,17.020843880521454,8.0
18,7901,22.798819174990058,346.55303589877457,0.00029974729824184095,0.05,12.240955829620361,0.8753870192275381,1.6008388725296936,0.5417153518753042,16.684320022781925,8.0
19,7901,22.684444351121783,348.3003540974669,0.000316414861014033,0.05,12.240955829620361,0.8660110229858038,1.6399985271501414,0.5345656368086993,16.570370839134288,8.0
20,7901,22.55367642501369,350.31982596137664,0.000333082423786225,0.05,12.240955829620361,0.8688502091423588,1.7069305007238356,0.5346606580226757,16.71387324389318,8.0
21,7901,22.96713581494987,344.0132920212474,0.0003497499865584171,0.05,12.240955829620361,0.8654221066748428,1.7269346223060367,0.5320551124966125,16.665461650423996,8.0
22,7901,22.841187567915767,345.91021051367153,0.00036641754933060917,0.05,12.240955829620361,0.8505302555514896,1.67423273676363,0.5265778632514644,16.200536324515884,8.0
23,7901,22.605433059856296,349.5177455383917,0.00038308511210280124,0.05,12.240955829620361,0.8559463400053776,1.7508357156456127,0.5243139467561053,16.580037337045944,8.0
24,7901,23.141167517984286,341.4261615737276,0.0003997526748749933,0.05,12.240955829620361,0.8569548329874287,1.8096572302546838,0.5208781590613817,16.800405012023795,8.0
25,7901,22.887461407110095,345.21084970767083,0.00041642023764718527,0.05,12.240955829620361,0.8569590551025459,1.8138254257323334,0.5196656636641971,16.86842646500443,8.0
26,7901,22.933277716161683,344.52118435874337,0.00043308780041937734,0.05,12.240955829620361,0.8678414222183537,1.8928368394396875,0.5246683863684612,17.165192697126948,8.0
27,7901,22.662435033824295,348.6386166450139,0.00044975536319156946,0.05,12.240955829620361,0.8588102381903225,1.8500242887486569,0.5138511848350127,17.245720478420452,8.0
28,7901,22.839204600080848,345.94024346942587,0.00046642292596376153,0.05,12.240955829620361,0.8689782072691778,1.9216822850041835,0.5159821960838848,17.64769491203645,8.0
29,7901,23.12049219198525,341.7314793470916,0.00048309048873595355,0.05,12.240955829620361,0.855949900539868,1.7930043906957918,0.5190334896425132,16.849916149854447,8.0
30,7901,23.018103019101545,343.2515700118018,0.0004997580515081456,0.05,12.240955829620361,0.8445007427857354,1.7420432587814185,0.5075267367673183,16.84145203138843,8.0
31,7901,22.82885122601874,346.0971347955953,0.0004999835794121614,0.05,12.240955829620361,0.834930647839294,1.6923375572981434,0.5026655488339515,16.615286039741804,8.0
32,7901,22.841592639917508,345.90407615414574,0.0004999333488223962,0.05,12.240955829620361,0.8388613292407784,1.7223626920474118,0.5024336302616885,16.823329325401847,8.0
33,7901,21.764825008111075,363.01693200177544,0.0004998493114690156,0.05,12.240955829620361,0.8271699178341053,1.6092434263187123,0.4972718763828217,16.491496329578535,8.0
34,7901,22.88259046105668,345.2843336704609,0.0004997314787305556,0.05,12.240955829620361,0.810668402790284,1.501865050593836,0.4975921797565291,15.647781926338439,8.0
35,7901,22.84048128896393,345.92090683385067,0.000499579866561398,0.05,12.240955829620361,0.7958813244942516,1.4075803716731001,0.489283096660558,15.329934501961777,8.0
36,7901,23.081960862968117,342.30194076258425,0.000499394495489611,0.05,12.240955829620361,0.8099218334914491,1.4639155604298877,0.4960341807513761,15.695291735223389,8.0
37,7901,22.96744867716916,344.0086058776744,0.0004991753906141691,0.05,12.240955829620361,0.7924692925811191,1.365507931909053,0.4904961710548932,15.097068409062144,8.0
38,7901,22.92956838104874,344.5769178337507,0.0004989225816015547,0.05,12.240955829620361,0.788121001378839,1.3029997488121914,0.489513504061574,14.932848690039236,8.0
39,7901,22.90885330014862,344.8884977559633,0.000498636102681742,0.05,12.240955829620361,0.7725714840642743,1.2334332867915563,0.4821648355783231,14.52213327426908,8.0
40,7901,22.89526120503433,345.0932456827654,0.0004983159926435617,0.05,12.240955829620361,0.77699610417047,1.2552318930278894,0.4856547911232626,14.563821035311985,8.0
41,7901,22.820328262867406,346.22639556225334,0.0004979622948294487,0.05,12.240955829620361,0.7681919577423191,1.2087900844303479,0.4786252939102092,14.473713770408809,8.0
42,7901,22.63554677995853,349.0527565693942,0.0004975750571295748,0.05,12.240955829620361,0.7642492951961759,1.2020600564629802,0.4761208398268805,14.404679787368687,8.0
43,7901,23.23335109720938,340.0714759976666,0.0004971543319753634,0.05,12.240955829620361,0.7644367955361963,1.1622859462878776,0.4773151851156032,14.354694026072648,8.0
44,7901,23.105292783118784,341.9562813665204,0.0004967001763323906,0.05,12.240955829620361,0.7616970216740597,1.16083021706953,0.47422426018650327,14.370997342108593,8.0
45,7901,22.794861576054245,346.61320375377557,0.0004962126516926724,0.05,12.240955829620361,0.758422838541665,1.135187342285793,0.47355346719821245,14.249762688267309,8.0
46,7901,22.905325650935993,344.9416140336401,0.0004956918240663385,0.05,12.240955829620361,0.7544438887239936,1.0879000265709042,0.47226676700190945,14.105991330211365,8.0
47,7901,23.019803680013865,343.2262112148144,0.0004951377639726949,0.05,12.240955829620361,0.7459418258852875,1.0394495563059876,0.46852959734912825,13.86961302366789,8.0
48,7901,23.02487489208579,343.15061588959014,0.0004945505464306753,0.05,12.240955829620361,0.7466317353301706,1.04648623257072,0.4705530313536602,13.799827553474243,8.0
49,7901,22.96006195503287,344.1192804912311,0.0004939302509486839,0.05,12.240955829620361,0.7459038107655589,1.0487980395838394,0.4672693056202345,13.92796006834578,8.0
50,7901,22.81898878607899,346.24671908424375,0.0004932769615138301,0.05,12.240955829620361,0.7413209484523043,1.0338555299516057,0.46399796480936967,13.8672161751677,8.0
51,7901,23.169102787040174,341.01449989766064,0.000492590766580557,0.05,12.240955829620361,0.7346182329158906,0.9938898952591798,0.46223850197285704,13.619700037969878,8.0
52,7901,22.975972179090604,343.88098742521737,0.0004918717590586638,0.05,12.240955829620361,0.7359333129008199,0.9927938003779031,0.4638440386017219,13.600833755220858,8.0
53,7901,23.222319269087166,340.2330279093857,0.0004911200363007272,0.05,12.240955829620361,0.7341252902447009,0.9484419746121913,0.4633161411521073,13.535383179344386,8.0
54,7901,23.218204715987667,340.29332141082824,0.0004903357000889194,0.05,12.240955829620361,0.7312026881761241,0.9530330590848123,0.4626832262856525,13.42731932666751,8.0
55,7901,23.008863704046234,343.3894042586104,0.0004895188566212267,0.05,12.240955829620361,0.7240930109473063,0.9172839246404547,0.45735413093323074,13.337662954056448,8.0
56,7901,23.233216230990365,340.0734500745101,0.0004886696164970712,0.05,12.240955829620361,0.7230769973014852,0.8959202400839279,0.4585456074212053,13.229701936463739,8.0
57,7901,23.0995690531563,342.04101305173117,0.00048778809470233485,0.05,12.240955829620361,0.7270610047479081,0.9265478070046899,0.45855736688728077,13.423269206429566,8.0
58,7901,22.92049920000136,344.7132599973883,0.0004868744105937914,0.05,12.240955829620361,0.7216589438539565,0.8933237136775761,0.45593852476143654,13.284726616883939,8.0
59,7901,23.1290305738803,341.6053247351676,0.00048592868788294505,0.05,12.240955829620361,0.7135874845908874,0.8728471445050545,0.4517228880715874,13.094837678774839,8.0
60,7901,22.544936838094145,350.4556280969345,0.0004849510546192804,0.05,12.240955829620361,0.7161328950089422,0.8598258025192668,0.4548293146592517,13.063536261232755,8.0
61,7901,23.210376164875925,340.4080978212029,0.0004839416431729247,0.05,12.240955829620361,0.7131706448902496,0.8323793434641087,0.45139207677092225,13.08794772813568,8.0
62,7901,22.558515686076134,350.2446752237675,0.000482900590216725,0.05,12.240955829620361,0.7097171506630048,0.8320310936292777,0.4475546747487552,13.113071130236678,8.0
63,7901,22.853179845958948,345.7286930421242,0.00048182803670774314,0.05,12.240955829620361,0.7094943114827365,0.8036874784365318,0.45201194671087214,12.87558536894064,8.0
64,7901,22.984046266181394,343.76018515179766,0.00048072412786816986,0.05,12.240955829620361,0.7022158191741501,0.7773216193483654,0.44774793202160973,12.724631375775218,8.0
65,7901,23.035667807096615,342.98983932933487,0.00047958901316566235,0.05,12.240955829620361,0.698834888385287,0.7672670066711224,0.44587282158425906,12.64924534869004,8.0
66,7901,23.04325546999462,342.87689993664964,0.00047842284629310655,0.05,12.240955829620361,0.7012828841132162,0.7713770645583012,0.4466884300884092,12.725643905834705,8.0
67,7901,22.863331267843023,345.5751879479021,0.00047722578514780697,0.05,12.240955829620361,0.6990413393812562,0.7765482148404755,0.4433034620787762,12.790722693329958,8.0
68,7901,22.779040039982647,346.8539493381574,0.0004759979918101082,0.05,12.240955829620361,0.6978541858406584,0.7589094876609351,0.4444951111079017,12.670326540944185,8.0
69,7901,23.088845557998866,342.1998722349628,0.0004747396325214488,0.05,12.240955829620361,0.6902990143535379,0.7224782101414865,0.4414518288065702,12.436795975193014,8.0
70,7901,22.82939200894907,346.08893644223315,0.0004734508776618532,0.05,12.240955829620361,0.6889581701119117,0.7165380378204604,0.43824276990444505,12.531602012403493,8.0
71,7901,22.989750114036724,343.6748968913729,0.0004721319017268615,0.05,12.240955829620361,0.6887884945933418,0.7012260608123294,0.44150324386669826,12.364170674598153,8.0
72,7901,22.98429351206869,343.75648726602407,0.0004707828833039043,0.05,12.240955829620361,0.6806378836285357,0.6815031859606463,0.4329110081852757,12.38276800405012,8.0
73,7901,22.769165025791153,347.0043803121615,0.0004694040050481211,0.05,12.240955829620361,0.6830415358620042,0.6756069959152984,0.4385851146661546,12.226569421592204,8.0
74,7901,22.75631589302793,347.20031296545255,0.0004679954536576296,0.05,12.240955829620361,0.6808409038608156,0.6555670556003965,0.4371108771155053,12.189469687381344,8.0
75,7901,23.05803370499052,342.65714505786167,0.00046655741984824703,0.05,12.240955829620361,0.6838230072901288,0.6658257374038064,0.4360401464208683,12.386905138590052,8.0
76,7901,22.926564927911386,344.622058509128,0.00046509009832766717,0.05,12.240955829620361,0.6747270635284512,0.6414208186078624,0.43168462232583205,12.155130679660802,8.0
77,7901,23.25282082008198,339.78673216182057,0.00046359368776909774,0.05,12.240955829620361,0.671371161424726,0.6321194978276924,0.4295754758802611,12.088406530818883,8.0
78,7901,23.012130211107433,343.3406610999605,0.00046206839078435984,0.05,12.240955829620361,0.6703326687633562,0.6271109974259078,0.4280956037707486,12.108372357929376,8.0
79,7901,22.757008219137788,347.18975024825784,0.000460514413896455,0.05,12.240955829620361,0.6730177712853899,0.6339334314298877,0.4307734181142852,12.113347993924819,8.0
80,7901,22.80798144103028,346.4138209875313,0.00045893196751160186,0.05,12.240955829620361,0.6741801877668154,0.63864679978386,0.4307910518515881,12.165904632325022,8.0
81,7901,22.94882517098449,344.2877768745079,0.000457321265890748,0.05,12.240955829620361,0.6688561096415914,0.6249016224168672,0.4274331965811297,12.074033350208834,8.0
82,7901,22.845892020035535,345.83898028892594,0.0004556825271205586,0.05,12.240955829620361,0.6607247497775618,0.6048697224826304,0.42240679316498964,11.915722693329958,8.0
83,7901,23.114811663981527,341.8154607900903,0.0004540159730838886,0.05,12.240955829620361,0.6655430380128151,0.6068488388344572,0.4266732045101706,11.94616978863435,8.0
84,7901,22.76261483109556,347.1042346684441,0.00045232182942973957,0.05,12.240955829620361,0.6618420794830641,0.5929604120578,0.4232798820393793,11.926662764207062,8.0
85,7901,22.83880978799425,345.94622370178604,0.0004506003255427072,0.05,12.240955829620361,0.6613917076848698,0.5924823581682038,0.42330525106545447,11.90670484748766,8.0
86,7901,22.906323180999607,344.9265924333828,0.00044885169451192323,0.05,12.240955829620361,0.6518777175170533,0.5727480201385637,0.4172058316170905,11.731529236805468,8.0
87,7901,22.865384897217155,345.54415049280874,0.00044707617309949527,0.05,12.240955829620361,0.6523741527669507,0.5688095939391746,0.4176073392770393,11.735579357043413,8.0
88,7901,22.917233767919242,344.76237751958695,0.0004452740017084498,0.05,12.240955829620361,0.6535268080051965,0.5639529010643312,0.4182638681858284,11.76254588026832,8.0
89,7901,22.557211450999603,350.2649260154838,0.00044344542435018145,0.05,12.240955829620361,0.6512318458938551,0.560802176506093,0.41555608012543166,11.78463960258195,8.0
90,7901,22.87688643205911,345.3704254494935,0.00044159068861141486,0.05,12.240955829620361,0.6468503802445188,0.5419269704076403,0.41062805624253207,11.8094940513859,8.0
91,7901,22.991292017977685,343.65184843991955,0.0004397100456206812,0.05,12.240955829620361,0.6443173395970277,0.545137789826984,0.41270751423389757,11.57808347044678,8.0
92,7901,22.75176889100112,347.2697018790938,0.00043780375001431656,0.05,12.240955829620361,0.6459340703078514,0.535427098805475,0.41393577554243727,11.59806511833945,8.0
93,7901,22.89221329987049,345.13919193845265,0.0004358720599019833,0.05,12.240955829620361,0.6362501428317697,0.5317291477491185,0.40580376344094654,11.522307302873054,8.0
94,7901,23.058610994834453,342.64856637591777,0.00043391523683172344,0.05,12.240955829620361,0.6369051033900427,0.5362998367019762,0.4064514319582267,11.52424534869004,8.0
95,7901,22.96009850408882,344.11873270460757,0.0004319335457545452,0.05,12.240955829620361,0.6381056967935537,0.5249652725965852,0.4066166266951738,11.574128274901911,8.0
96,7901,22.980970029952005,343.8062009437511,0.00042992725498854875,0.05,12.240955829620361,0.6386572013337648,0.5299329609225754,0.4078324827691027,11.544219086191621,8.0
97,7901,22.649728870019317,348.8341977664151,0.00042789663618259644,0.05,12.240955829620361,0.6375356548542525,0.5264750630542336,0.40464274210124784,11.643170168333123,8.0
98,7901,22.97314973617904,343.9232360705501,0.0004258419642795321,0.05,12.240955829620361,0.6285849139745018,0.5086797050148184,0.39952248450684075,11.453898240729021,8.0
99,7901,22.861546446103603,345.6021673173646,0.00042376351747895396,0.05,12.240955829620361,0.6323245846686553,0.5120644276692224,0.4052610113158767,11.353673585622072,8.0
100,7901,22.82350274012424,346.1782395964078,0.0004216615771995468,0.05,12.240955829620361,0.6264985494109109,0.49640552147915507,0.3998348229241634,11.336183710922668,8.0
101,7901,22.580243373988196,349.90765463147,0.0004195364280409788,0.05,12.240955829620361,0.6277189772576565,0.5004648613018441,0.4014664641280308,11.314374762688267,8.0
102,7901,22.814475697930902,346.31521252607877,0.00041738835774536635,0.05,12.240955829620361,0.6259387190500976,0.4950923002297298,0.39877305137871216,11.360207568662195,8.0
103,7901,22.79746976494789,346.5735487956709,0.0004152176571583147,0.05,12.240955829620361,0.6182410978483348,0.48028737765643403,0.3954288661404511,11.142521516263765,8.0
104,7901,22.571836615912616,350.03797583888144,0.0004130246201895378,0.05,12.240955829620361,0.6145709908290719,0.4809990215378462,0.3911402666475211,11.171702948993799,8.0
105,7901,22.692377364030108,348.1785920114279,0.00041080954377306335,0.05,12.240955829620361,0.6146610773389753,0.4872997196478687,0.38982514138011115,11.241753417288951,8.0
106,7901,23.11057071108371,341.87818634053554,0.00040857272782702825,0.05,12.240955829620361,0.6125212697164422,0.4727780762321963,0.3901993515461008,11.120712568029363,8.0
107,7901,22.95534590887837,344.1899778536621,0.00040631447521307013,0.05,12.240955829620361,0.614693217768788,0.4832870953634651,0.3901536765581082,11.230057904062777,8.0
108,7901,23.041434289189056,342.9040007160976,0.00040403509169532073,0.05,12.240955829620361,0.6085135396742063,0.4662390580442552,0.3862063345833981,11.115357233261612,8.0
109,7901,22.966709685046226,344.01967492733155,0.00040173488589900503,0.05,12.240955829620361,0.6106121171472827,0.4806944541826442,0.3879148311598997,11.134611125174029,8.0
110,7901,22.852916452102363,345.7326777770259,0.0003994141692686549,0.05,12.240955829620361,0.6148651006659018,0.47926008457655306,0.3905961214817109,11.212560118972283,8.0
111,7901,22.834845070028678,346.00628888742784,0.00039707325602593896,0.05,12.240955829620361,0.603561504357013,0.4599485461952686,0.38173881554857053,11.09060561954183,8.0
112,7901,23.068651204928756,342.4994348309321,0.00039471246312711806,0.05,12.240955829620361,0.6022085910763202,0.45299654618922164,0.3816573693395913,11.028746361220099,8.0
113,7901,23.1427539200522,341.4027573077257,0.0003923321102201298,0.05,12.240955829620361,0.5998650307052423,0.449817128810471,0.37993489984937323,10.997369794962664,8.0
114,7901,22.995645252987742,343.58679276344515,0.00038993251960130833,0.05,12.240955829620361,0.5963456934953759,0.44080177523217434,0.3780338492080873,10.911751677002911,8.0
115,7901,23.21188014303334,340.38604160082883,0.0003875140161717463,0.05,12.240955829620361,0.5937728737822183,0.4454925720291249,0.3751185424885196,10.933208612833818,8.0
116,7901,22.886653741123155,345.22303213786734,0.0003850769273933034,0.05,12.240955829620361,0.5969774398361938,0.4436689408847522,0.37813918725355805,10.939366852297178,8.0
117,7901,23.109811138128862,341.88942318806517,0.0003826215832442685,0.05,12.240955829620361,0.5902308279646301,0.443210458969741,0.37449344614309205,10.788499873433743,8.0
118,7901,22.79996250080876,346.5356576669692,0.0003801483161746816,0.05,12.240955829620361,0.5899140354108696,0.4309367946078092,0.37304312347943325,10.845395361346664,8.0
119,7901,22.906571971951053,344.9228461454085,0.00037765746106131976,0.05,12.240955829620361,0.585649118591239,0.4417166695604142,0.3686819211838593,10.847416466270092,8.0
120,7901,22.78707995894365,346.731569566418,0.0003751493551623559,0.05,12.240955829620361,0.5861314022907681,0.438493648562578,0.3702775926480428,10.793190735349956,8.0
121,7901,22.764627599855885,347.07354492590156,0.0003726243380716942,0.05,12.240955829620361,0.5843405643153411,0.4330866728239671,0.36750141803093644,10.840510694848753,8.0
122,7901,23.046139613026753,342.833990102793,0.00037008275167298973,0.05,12.240955829620361,0.5814883083863253,0.4365346655485344,0.3641557555842318,10.866472598405265,8.0
123,7901,23.094784416956827,342.11187501706524,0.000367524940093358,0.05,12.240955829620361,0.5793728843178573,0.4237281030046081,0.36438328551651633,10.751226110618909,8.0
124,7901,23.076269199838862,342.386368072668,0.0003649512496567802,0.05,12.240955829620361,0.5794975399563635,0.4282146688466313,0.36446035507660457,10.75104812681939,8.0
125,7901,23.171276572858915,340.9825080269697,0.0003623620288372121,0.05,12.240955829620361,0.5734053871447852,0.4289740392179855,0.36127934860151156,10.604409251993419,8.0
126,7901,22.907649289118126,344.90662486932825,0.0003597576282114005,0.05,12.240955829620361,0.581372836438512,0.4280945140981113,0.3667183143136592,10.732541766864953,8.0
127,7901,22.657778521999717,348.71026708679636,0.00035713840041141616,0.05,12.240955829620361,0.5678333036055551,0.41658519813266376,0.3572030718938231,10.532978420453107,8.0
128,7901,22.616369931958616,349.3487250062751,0.0003545047000769077,0.05,12.240955829620361,0.5674855597576541,0.4144357295975385,0.3566769748952566,10.539330464498164,8.0
129,7901,22.951619521016255,344.24585998235295,0.00035185688380708383,0.05,12.240955829620361,0.5703543007803814,0.4114399569168255,0.358964548406986,10.568238988735603,8.0
130,7901,23.01525616692379,343.29402821745975,0.0003491953101124308,0.05,12.240955829620361,0.5688812863659276,0.4137888891970624,0.35599004143537594,10.642335622073155,8.0
131,7901,22.938381602056324,344.4445269535367,0.0003465203393661697,0.05,12.240955829620361,0.5650959224614022,0.4124651454193896,0.3548526809481394,10.512814833565372,8.0
132,7901,22.935540701029822,344.48719142885693,0.00034383233375546334,0.05,12.240955829620361,0.5630214367768626,0.4105395542686611,0.35289882969334224,10.502606473864068,8.0
133,7901,23.152639449806884,341.2569878751298,0.00034113165723237643,0.05,12.240955829620361,0.5624666376523376,0.4154950457839268,0.3521325526554635,10.517889349449437,8.0
134,7901,23.09528828295879,342.10441122009604,0.00033841867546459647,0.05,12.240955829620361,0.5585663702092342,0.41157772658806996,0.3482640503765797,10.516042273129983,8.0
135,7901,23.113591215806082,341.83350939411577,0.0003356937557859234,0.05,12.240955829620361,0.5584688629097402,0.41129662359217994,0.34944518218838916,10.451699152006075,8.0
136,7901,23.029193826019764,343.0862608430946,0.0003329572671465332,0.05,12.240955829620361,0.5574615322974735,0.4036747465637904,0.347704411933519,10.488790975825845,8.0
137,7901,22.79190422501415,346.6581783600442,0.0003302095800630221,0.05,12.240955829620361,0.5502834615979281,0.4036156821101546,0.34296545943811324,10.364257688900139,8.0
138,7901,23.05405929381959,342.716217534763,0.00032745106656823967,0.05,12.240955829620361,0.5517814832614232,0.4001194668667118,0.3440434902231235,10.386442380711303,8.0
139,7901,22.844971677055582,345.85291291629807,0.0003246821001609157,0.05,12.240955829620361,0.5525330131438062,0.4057638722044835,0.3443693396389115,10.408255284141248,8.0
140,7901,22.571683418937027,350.04035159253016,0.00032190305575508903,0.05,12.240955829620361,0.5465854547767907,0.4045755145421829,0.3412708822775002,10.26751756106822,8.0
141,7901,22.5206941741053,350.83288014650594,0.0003191143096293454,0.05,12.240955829620361,0.5976332669136811,0.4760496490228902,0.3809350218377284,10.83729116567523,8.0
142,7901,23.055199338123202,342.69927074259584,0.0003163162393758689,0.05,12.240955829620361,0.5568675518850634,0.403030714706867,0.3490304299591916,10.389934818377421,8.0
143,7901,22.883730955887586,345.2671251567573,0.00031350922384931735,0.05,12.240955829620361,0.5478159801414716,0.3929849273493706,0.3414630461774164,10.318693836223263,8.0
144,7901,22.708604857092723,347.92978475435626,0.00031069364311552526,0.05,12.240955829620361,0.5452065312731131,0.39073007287609174,0.3389543315463844,10.308473610935325,8.0
145,7901,22.696705602109432,348.11219471717874,0.00030786987840004395,0.05,12.240955829620361,0.5413890678834922,0.3893660392742823,0.33576821541200785,10.281965890393622,8.0
146,7901,22.94152346206829,344.39735499970527,0.00030503831203652405,0.05,12.240955829620361,0.5366210240591117,0.38978898637642695,0.3333258242859688,10.165524933552716,8.0
147,7901,22.905668801860884,344.9364464467466,0.00030219932741494787,0.05,12.240955829620361,0.5353054262206398,0.38217277309062014,0.33023409776454665,10.254437729401342,8.0
148,7901,22.836910428013653,345.9749962634165,0.00029935330892971935,0.05,12.240955829620361,0.536325748540709,0.38851590164702626,0.33082132665526487,10.275249968358436,8.0
149,7901,22.98499342193827,343.7460196294338,0.0002965006419276171,0.05,12.240955829620361,0.5303524502197892,0.38448885723678783,0.32623605428806,10.206208074927224,8.0
150,7901,23.001275853952393,343.50268438010767,0.0002936417126556195,0.05,12.240955829620361,0.5310358743194749,0.39100779724443974,0.3271293504685333,10.196272623718517,8.0
151,7901,22.842769250972196,345.88625893787946,0.0002907769082086072,0.05,12.240955829620361,0.5297080168971803,0.39112179582744533,0.3259123659838515,10.187705670168333,8.0
152,7901,22.916913635795936,344.76719359184284,0.00028790661647695064,0.05,12.240955829620361,0.528429880419527,0.3917709588778199,0.3260997516069966,10.114898430578409,8.0
153,7901,23.229845585068688,340.12279466370967,0.0002850312260939913,0.05,12.240955829620361,0.5271327189291116,0.39076241898379765,0.3243552817376169,10.139476015694216,8.0
154,7901,23.009357623988762,343.38203304566355,0.00028215112638342,0.05,12.240955829620361,0.5231386636453496,0.3792102118260256,0.32112050281266835,10.103859479812682,8.0
155,7901,23.216782998060808,340.3141598325631,0.00027926670730656447,0.05,12.240955829620361,0.5226252103980441,0.37931971980897466,0.32204537776554254,10.030953360334134,8.0
156,7901,22.683904964011163,348.3086361248305,0.00027637835940958746,0.05,12.240955829620361,0.5195721983004334,0.37657769152053233,0.31818834809076485,10.068970699911404,8.0
157,7901,22.68935121712275,348.2250296358157,0.0002734864737706089,0.05,12.240955829620361,0.5158991895021027,0.37516702319486067,0.31523172456831017,10.03407796481458,8.0
158,7901,23.032358359079808,343.039122473764,0.00027059144194675365,0.05,12.240955829620361,0.5185166086000575,0.3803987859465053,0.31684365879884324,10.084435514491837,8.0
159,7901,22.949625169858336,344.2757753785471,0.0002676936559211356,0.05,12.240955829620361,0.5156176526544064,0.3891146671521544,0.31765257459383284,9.897022528793823,8.0
160,7901,22.766352606005967,347.0472471693004,0.0002647935080497833,0.05,12.240955829620361,0.5147536591123499,0.36887165463479193,0.3159688662922906,9.935862549044424,8.0
161,7901,23.03530520410277,342.99523839574607,0.0002618913910085161,0.05,12.240955829620361,0.5124305482228154,0.3776497018592235,0.31258143941566413,9.993853626123276,8.0
162,7901,23.080701526021585,342.32061755541855,0.00025898769773977564,0.05,12.240955829620361,0.5124632374513995,0.37375024834277887,0.31274774057656024,9.98447190229085,8.0
163,7901,23.25661127292551,339.731352400341,0.0002560828213994232,0.05,12.240955829620361,0.5106523962333797,0.37152676372388665,0.3106622599850816,10.001313124920896,8.0
164,7901,22.70164371887222,348.0364725058115,0.0002531771553035054,0.05,12.240955829620361,0.5093323539750604,0.3767036457459182,0.30875685023455784,10.030308663460321,8.0
165,7901,22.78636756306514,346.7424098260787,0.0002502710928750014,0.05,12.240955829620361,0.5025187246694759,0.3681622020369345,0.30435934955900856,9.90623417921782,8.0
166,7901,22.683332931948826,348.3174198299434,0.00024736502759055266,0.05,12.240955829620361,0.5027031386001187,0.3679274146035719,0.30489342411610615,9.892418681179597,8.0
167,7901,22.798456692835316,346.5585458897743,0.0002444593529271875,0.05,12.240955829620361,0.5007018117554021,0.3705063847413079,0.3036183715017517,9.85376059992406,8.0
168,7901,23.02921717101708,343.08591305238247,0.00024155446230904489,0.05,12.240955829620361,0.5015766811950224,0.38175035275140756,0.3040474176919848,9.87649506391596,8.0
169,7901,23.17649034387432,340.90580078222587,0.0002386507490541048,0.05,12.240955829620361,0.5018443257850026,0.3690513749995302,0.3056265828187308,9.81068852044045,8.0
170,7901,22.55236902087927,350.3401346743286,0.00023574860632093447,0.05,12.240955829620361,0.5014201894264827,0.37510041397834876,0.30507736243548056,9.813908049613973,8.0
171,7901,23.0301008799579,343.07274819086433,0.0002328484270554544,0.05,12.240955829620361,0.49431195578278203,0.36697805078327467,0.29898882667756715,9.768897924313379,8.0
172,7901,22.788444326026365,346.7108103986009,0.00022995060393773438,0.05,12.240955829620361,0.495154132795189,0.36719354443226626,0.29845459564036014,9.838117801544108,8.0
173,7901,23.24289055704139,339.9319022137032,0.0002270555293288255,0.05,12.240955829620361,0.4933591072785071,0.36748812312099727,0.2993203038438153,9.702256834577902,8.0
174,7901,22.588495148112997,349.77983031596665,0.00022416359521763447,0.05,12.240955829620361,0.49445454432849356,0.3801248337804268,0.2993687269559707,9.755735033540057,8.0
175,7901,22.360825155163184,353.34116452208093,0.00022127519316784915,0.05,12.240955829620361,0.4907659500697763,0.3561354420363428,0.2954902828282879,9.763190577142135,8.0
176,7901,22.76100437482819,347.1287940499612,0.00021839071426492173,0.05,12.240955829620361,0.48862970616150286,0.372031643509548,0.2935783731501369,9.749845747373751,8.0
177,7901,23.0869455949869,342.22803391175415,0.00021551054906311564,0.05,12.240955829620361,0.4908531383198585,0.3700273560128805,0.2957458150543724,9.75702047209214,8.0
178,7901,23.086554985959083,342.2338241805794,0.0002126350875326256,0.05,12.240955829620361,0.4890361756384335,0.3756877479674227,0.2954750861484572,9.677208581192254,8.0
179,7901,22.812572209862992,346.3441091743267,0.00020976471900677605,0.05,12.240955829620361,0.48872420930693444,0.3694843249130273,0.2952464275715578,9.67132325022149,8.0
180,7901,23.114863708848134,341.8146911666876,0.00020689983212930586,0.05,12.240955829620361,0.4867232625106666,0.37496820910341183,0.29359353556917855,9.657792526262499,8.0
181,7901,22.807143412996083,346.42654965276415,0.00020404081480174686,0.05,12.240955829620361,0.4850639182055333,0.3656579083301586,0.2908555347962314,9.711270725224654,8.0
182,7901,22.883614822058007,345.26887737963744,0.00020118805413090206,0.05,12.240955829620361,0.4786965762900485,0.3634142688732632,0.28797160920546394,9.538313979243133,8.0
183,7901,22.58384277811274,349.8518864848501,0.00019834193637643255,0.05,12.240955829620361,0.4762978405080978,0.3617995465658779,0.284387673700313,9.594374920896088,8.0
184,7901,23.14853164809756,341.31754532470904,0.00019550284689855791,0.05,12.240955829620361,0.47771954291260044,0.375590874743362,0.2859517628370154,9.589312270598658,8.0
185,7901,22.98349325801246,343.7684564005765,0.0001926711701058792,0.05,12.240955829620361,0.47802730077219197,0.3718868646609936,0.28435385997439316,9.684581065687887,8.0
186,7901,23.114908386021852,341.81403049721484,0.000189847289403331,0.05,12.240955829620361,0.47508818935991887,0.35919084810800245,0.28298532933754916,9.605326857359827,8.0
187,7901,23.016903403913602,343.26945989861434,0.00018703158714026815,0.05,12.240955829620361,0.4735229094712557,0.35923090690284604,0.28321781063091905,9.515951303632452,8.0
188,7901,22.633917754050344,349.07787886549664,0.00018422444455869707,0.05,12.240955829620361,0.4671439570258681,0.3496219802055158,0.2773321449884869,9.492204309581066,8.0
189,7901,22.71126315300353,347.88906045303366,0.00018142624174165533,0.05,12.240955829620361,0.4701617876422087,0.3660570107454168,0.2789951980136615,9.558936368814074,8.0
190,7901,22.99034229107201,343.66604463597946,0.00017863735756174954,0.05,12.240955829620361,0.4705296564352632,0.36564483138718584,0.27922648823633933,9.564548791292241,8.0
191,7901,23.05318853794597,342.72916247549915,0.00017585816962985623,0.05,12.240955829620361,0.46576547361283255,0.36389299328682345,0.27428691769427793,9.574670136691559,8.0
192,7901,22.764352292986587,347.077742353961,0.00017308905424399406,0.05,12.240955829620361,0.46779008143130113,0.3668130886824791,0.2783220006067411,9.472230572079484,8.0
193,7901,23.13728574803099,341.4834430470041,0.0001703303863383738,0.05,12.240955829620361,0.46395089005521695,0.36333535717810395,0.274285914652439,9.482992659157068,8.0
194,7901,22.881356190890074,345.3029590591175,0.00016758253943263208,0.05,12.240955829620361,0.4614017204368677,0.3619648721825849,0.2726154166857603,9.436973958992533,8.0
195,7901,22.9913355759345,343.6511973784654,0.00016484588558125798,0.05,12.240955829620361,0.4646844161626523,0.36928102684132647,0.2740415189028118,9.528920389824073,8.0
196,7901,22.715823848964646,347.8192141536665,0.00016212079532321752,0.05,12.240955829620361,0.45988488108308206,0.3641631258332176,0.270294807678747,9.477740159473484,8.0
197,7901,23.184952105162665,340.7813811373222,0.00015940763763178247,0.05,12.240955829620361,0.45807012734556785,0.3648455904572995,0.2695126071781648,9.431998322997089,8.0
198,7901,22.848800642881542,345.7949554328807,0.00015670677986457288,0.05,12.240955829620361,0.45646379384688524,0.36725089205939354,0.2701182165465435,9.315561321351728,8.0
199,7901,22.511258931830525,350.9799262638361,0.00015401858771381648,0.05,12.240955829620361,0.4571550921607117,0.3584584374131168,0.2677331150498455,9.47056938995064,8.0
200,7901,22.828027033014223,346.1096304368949,0.000151343425156835,0.05,12.240955829620361,0.4513626967468016,0.35569781414271456,0.26596068078363233,9.274320497405391,8.0
201,7901,22.702646201010793,348.02110423798183,0.00014868165440676224,0.05,12.240955829620361,0.45267507954422936,0.36680231128232627,0.2652897802150305,9.368758701430199,8.0
202,7901,22.745265819132328,347.36898934608286,0.00014603363586350055,0.05,12.240955829620361,0.4545647211051292,0.36413923050011127,0.26729140324979445,9.363522022528795,8.0
203,7901,22.64445604593493,348.9154247720764,0.0001433997280649232,0.05,12.240955829620361,0.44904392348137284,0.36040502701767063,0.2636002546065277,9.272845209467157,8.0
204,7901,22.8940637470223,345.11129554392187,0.00014078028763832976,0.05,12.240955829620361,0.45055581513288245,0.3670750804006895,0.2626483056676824,9.395919029236806,8.0
205,7901,22.822232579812407,346.1975059788364,0.00013817566925215777,0.05,12.240955829620361,0.4438954405906215,0.36667208597412926,0.25867313882502224,9.25987216807999,8.0
206,7901,22.75372101808898,347.23990830857,0.00013558622556796273,0.05,12.240955829620361,0.4483500457786183,0.3625758758392112,0.26211385483787625,9.312151942792052,8.0
207,7901,23.001216694014147,343.50356788109224,0.00013301230719266682,0.05,12.240955829620361,0.44432958943559286,0.37169076878577,0.2572202888369153,9.354314327300342,8.0
208,7901,23.123205260839313,341.69138365003704,0.00013045426263108838,0.05,12.240955829620361,0.4426332102057572,0.3605712753182015,0.2570182324066869,9.278283603341348,8.0
209,7901,23.217585447942838,340.3023978404291,0.00012791243823875428,0.05,12.240955829620361,0.4435527290049844,0.3659042240720567,0.257916243864515,9.28260663207189,8.0
210,7901,22.845786285120994,345.8405809015978,0.0001253871781750035,0.05,12.240955829620361,0.44206116836126236,0.3711236465008949,0.2564145475493973,9.280308663460321,8.0
211,7901,22.886531649157405,345.22487378688874,0.00012287882435638975,0.05,12.240955829620361,0.4425542134677982,0.37795971833577774,0.2571335334428397,9.270729179850651,8.0
212,7901,23.354006165172905,338.3145462975219,0.00012038771641038509,0.05,12.240955829620361,0.43683589391203836,0.3694591745215569,0.2550510292569379,9.09317254145045,8.0
213,7901,22.937549029942602,344.4570293751115,0.00011791419162939548,0.05,12.240955829620361,0.43596108851666965,0.3623513362442688,0.2503360979218465,9.278833375522085,8.0
214,7901,22.980035532964393,343.82018203001365,0.00011545858492509194,0.05,12.240955829620361,0.4342402264545604,0.35803691940041465,0.2513666923604967,9.14351822554107,8.0
215,7901,22.823500835103914,346.1782684910366,0.00011302122878306381,0.05,12.240955829620361,0.4350118655718485,0.3639888947198035,0.2501002933734309,9.249007245918238,8.0
216,7901,22.467477206140757,351.66387073669836,0.00011060245321780077,0.05,12.240955829620361,0.42902698790388855,0.3562941492478948,0.2452861540035543,9.189267972408556,8.0
217,7901,23.07780227297917,342.36362312762117,0.00010820258572800942,0.05,12.240955829620361,0.43464939263995245,0.3817757320296929,0.24956107402305003,9.25268162257942,8.0
218,7901,22.755301327910274,347.2157931966874,0.00010582195125227004,0.05,12.240955829620361,0.43223712521178137,0.3658123557333131,0.24824884300774494,9.198752531325148,8.0
219,7901,23.183566000778228,340.8017558530374,0.000103460872125041,0.05,12.240955829620361,0.43039593194847003,0.3618614831773137,0.24792657060617737,9.120965700544234,8.0
220,7901,22.877385593019426,345.36288982298885,0.00010111966803301456,0.05,12.240955829620361,0.42924747166339694,0.3610574541748543,0.24603589249892924,9.161470858119225,8.0
221,7901,22.869949320098385,345.47518621112584,9.879865597183245e-05,0.05,12.240955829620361,0.42569031633616794,0.3655902834055379,0.24452814519020624,9.055436020756867,8.0
222,7901,22.980808819178492,343.80861275022966,9.649815020316409e-05,0.05,12.240955829620361,0.4247683042054719,0.3653938277712835,0.24185151160857207,9.147758195165169,8.0
223,7901,22.78494505211711,346.7640576673615,9.4218462212157e-05,0.05,12.240955829620361,0.4276912139799154,0.38313683484976935,0.24653052748071894,9.05865554993039,8.0
224,7901,22.718347172020003,347.78058193119347,9.195990066526171e-05,0.05,12.240955829620361,0.42210455639967964,0.36577825994525376,0.24044341261576074,9.085531103657765,8.0
225,7901,22.933696223888546,344.51489733129193,8.972277136843876e-05,0.05,12.240955829620361,0.4245762504545771,0.36724099600983484,0.2416998745953489,9.149039678521707,8.0
226,7901,22.849840810056776,345.77921420452856,8.750737722575324e-05,0.05,12.240955829620361,0.4206775050799374,0.37091637990728477,0.239239212876633,9.070347107961018,8.0
227,7901,22.805754707893357,346.44764451778326,8.531401819836162e-05,0.05,12.240955829620361,0.4206496339110751,0.3651941107648971,0.24059368272609852,9.002452221237817,8.0
228,7901,23.092197069898248,342.150206673029,8.314299126389768e-05,0.05,12.240955829620361,0.4159733621987523,0.3628525537164162,0.23635742724236017,8.979951113783066,8.0
229,7901,22.941088482970372,344.403885014657,8.099459037626258e-05,0.05,12.240955829620361,0.41639389446786257,0.35738327608517706,0.23594230078674694,9.025056163776737,8.0
230,7901,22.852820864180103,345.73412389470747,7.886910642582328e-05,0.05,12.240955829620361,0.41779999507181165,0.36969802115494926,0.23711108658573565,9.034168934312113,8.0
231,7901,22.661107561085373,348.65903966529584,7.676682720002633e-05,0.05,12.240955829620361,0.416802297561414,0.35999924953852014,0.2369705543512333,8.992473262878116,8.0
232,7901,22.90638707880862,344.92563025399363,7.468803734443289e-05,0.05,12.240955829620361,0.4125436840442416,0.3649305907092114,0.23258105106156712,8.999193140108847,8.0
233,7901,22.96631898987107,344.0255272725512,7.263301832417666e-05,0.05,12.240955829620361,0.41314470454147084,0.3685494885536979,0.2337877103937923,8.968718358435641,8.0
234,7901,23.115351198939607,341.80748248213723,7.060204838585552e-05,0.05,12.240955829620361,0.4158095292329275,0.37353551811001723,0.23363940104693193,9.107154157701556,8.0
235,7901,22.883308202959597,345.27350372260116,6.85954025198556e-05,0.05,12.240955829620361,0.41152743456741175,0.36669176618157573,0.23152450868833246,9.000114700670801,8.0
236,7901,22.55472571402788,350.3035284124951,6.661335242311946e-05,0.05,12.240955829620361,0.4132187900294565,0.3714818824108545,0.23420552678718368,8.954175104417162,8.0
237,7901,22.87266195495613,345.4342138033472,6.465616646235822e-05,0.05,12.240955829620361,0.4071055137836515,0.3722823953012955,0.22803181189930058,8.955005695481585,8.0
238,7901,22.722312367055565,347.7198919004139,6.272410963771451e-05,0.05,12.240955829620361,0.40904186818587934,0.3709961543459181,0.23018236479424567,8.944148683710923,8.0
239,7901,22.977721402887255,343.8548088152554,6.081744354688296e-05,0.05,12.240955829620361,0.40805670865320465,0.368342417027434,0.22958419486784118,8.924123528667257,8.0
240,7901,22.994294228963554,343.60698011978644,5.893642634968911e-05,0.05,12.240955829620361,0.40767019230826657,0.36111160987933183,0.2297025850951981,8.901199215289203,8.0
241,7901,23.01476305909455,343.3013835385904,5.708131273313573e-05,0.05,12.240955829620361,0.40698517178707583,0.3688586996471017,0.22693614243570875,9.002143715985317,8.0
242,7901,23.03267957898788,343.03433835843737,5.525235387691832e-05,0.05,12.240955829620361,0.40631379039057325,0.3757734327674772,0.2271494899836692,8.96232280723959,8.0
243,7901,23.022258220938966,343.1896178114258,5.34497974194157e-05,0.05,12.240955829620361,0.4016921576322324,0.3615884643093783,0.22295637849146407,8.938026041007467,8.0
244,7901,22.84652812103741,345.82935131945266,5.1673887424159986e-05,0.05,12.240955829620361,0.40118649271889106,0.36460672989779974,0.22356681718266233,8.880909062144033,8.0
245,7901,23.023196494905278,343.1756316612415,4.9924864346791154e-05,0.05,12.240955829620361,0.4020222766597638,0.36638904267769046,0.2241523135121058,8.893613150234147,8.0
246,7901,22.53426028206013,350.62167122876923,4.820296500249941e-05,0.05,12.240955829620361,0.40062812399583564,0.36332428720522164,0.22311054339304467,8.873085685356283,8.0
247,7901,22.946111649973318,344.328491054352,4.650842253396074e-05,0.05,12.240955829620361,0.4019548811123139,0.3698315459132994,0.22426475462106613,8.886062681938995,8.0
248,7901,22.827009628061205,346.1250566209651,4.484146637976984e-05,0.05,12.240955829620361,0.3991828420134741,0.379679199367094,0.22177316354032017,8.872531957980003,8.0
249,7901,22.916730664903298,344.76994626900637,4.320232224337443e-05,0.05,12.240955829620361,0.3983680793053439,0.36943120685819886,0.22113230645113421,8.860848310340463,8.0
250,7901,23.15100028598681,341.28114994592426,4.159121206251523e-05,0.05,12.240955829620361,0.39939466989005673,0.37232358630149215,0.22195619295675714,8.871705322111126,8.0
251,7901,22.91836793301627,344.7453162062991,4.000835397917617e-05,0.05,12.240955829620361,0.39819060389172684,0.3640983910322823,0.22023572480885262,8.898770725224654,8.0
252,7901,22.893709517084062,345.116635384231,3.8453962310048005e-05,0.05,12.240955829620361,0.3970951344631636,0.3645655621253845,0.21740009632009205,8.98400123402101,8.0
253,7901,22.879580315900967,345.32976090076806,3.6928247517510166e-05,0.05,12.240955829620361,0.3964343974860676,0.3666492554224408,0.21869668528982664,8.88827759144412,8.0
254,7901,22.68474383512512,348.29575583595835,3.543141618113474e-05,0.05,12.240955829620361,0.3969580989150424,0.3722538368458417,0.21883796947377496,8.904102328819137,8.0
255,7901,23.094574472866952,342.11498502744104,3.3963670969715674e-05,0.05,12.240955829620361,0.3957631753797909,0.3666560417933489,0.21969814040686206,8.80248940007594,8.0
256,7901,23.18159682303667,340.83070550810356,3.2525210613827496e-05,0.05,12.240955829620361,0.3948575582191652,0.37246948711450545,0.21655190400444485,8.913950765725858,8.0
257,7901,23.065793440910056,342.54186920735157,3.111622987891812e-05,0.05,12.240955829620361,0.39227750146408624,0.3687711350601876,0.2163133224631062,8.799534869003924,8.0
258,7901,22.95532019296661,344.1903634356982,2.9736919538937308e-05,0.05,12.240955829620361,0.3948119911207849,0.37924126034642364,0.21604877118709162,8.941621313757752,8.0
259,7901,23.02324276883155,343.17494191983377,2.8387466350506132e-05,0.05,12.240955829620361,0.3912295541602167,0.3673987936866448,0.21430747678703543,8.848045342361726,8.0
260,7901,22.911849644966424,344.84339424494243,2.7068053027631117e-05,0.05,12.240955829620361,0.39194368705796584,0.3659689172606365,0.21563849658992318,8.814453866599164,8.0
261,7901,22.984301266027614,343.75637129670866,2.577885821696393e-05,0.05,12.240955829620361,0.39104934390730955,0.369455295979954,0.21425370912569383,8.840411814960131,8.0
262,7901,22.915716567076743,344.78520350314733,2.4520056473613996e-05,0.05,12.240955829620361,0.3891873348892346,0.36668109915676245,0.21441094940930225,8.740772528793823,8.0
263,7901,22.722040389897302,347.72405402082427,2.329181823751308e-05,0.05,12.240955829620361,0.39008619809524875,0.3711947682891793,0.21376815365848775,8.820386659916466,8.0
264,7901,22.925056714797392,344.64473079799,2.2094309810338525e-05,0.05,12.240955829620361,0.38764567018958407,0.3840318848823931,0.21224238783962257,8.773118117959752,8.0
265,7901,23.18337112106383,340.8046206369595,2.0927693332996245e-05,0.05,12.240955829620361,0.38912390551375764,0.37067977699157995,0.21176020980990246,8.869818693836223,8.0
266,7901,22.928877054946497,344.58730713528337,1.9792126763666502e-05,0.05,12.240955829620361,0.3892438040475516,0.368580328608718,0.2119189156937216,8.86618386913049,8.0
267,7901,22.994378014001995,343.605728112708,1.868776385641743e-05,0.05,12.240955829620361,0.3885798849813275,0.36893222633305567,0.2125149732348346,8.80621123908366,8.0
268,7901,23.03609744203277,342.9834423943465,1.761475414038622e-05,0.05,12.240955829620361,0.3893905974855726,0.37441647120660326,0.21272585550534123,8.835578566004303,8.0
269,7901,23.053490502992645,342.72467325389823,1.6573242899533575e-05,0.05,12.240955829620361,0.384710907596619,0.3659019752169482,0.20968868320063086,8.754390267054804,8.0
270,7901,22.72634280496277,347.65822498614483,1.5563371152972244e-05,0.05,12.240955829620361,0.38696014490358105,0.36587644263832286,0.21039910314053226,8.827747278825465,8.0
271,7901,22.960921169957146,344.10640328916503,1.4585275635873297e-05,0.05,12.240955829620361,0.3847347407186504,0.366910843015728,0.20905941538253384,8.787396373876724,8.0
272,7901,22.62700482690707,349.18452797625554,1.3639088780952404e-05,0.05,12.240955829620361,0.38760710162401896,0.3709720875768477,0.21235040719449377,8.763182666751044,8.0
273,7901,23.100612042006105,342.0255699560184,1.2724938700538628e-05,0.05,12.240955829620361,0.38363018711146457,0.35948276908288135,0.20770766247059633,8.794060878369827,8.0
274,7901,22.901919605908915,344.992914828042,1.1842949169228134e-05,0.05,12.240955829620361,0.3833609524293423,0.36455056233098876,0.20706590094636956,8.81472677509176,8.0
275,7901,22.994657796109095,343.6015473705776,1.0993239607125405e-05,0.05,12.240955829620361,0.38572318844592446,0.3709690875304589,0.21043918165145473,8.763412068092647,8.0
276,7901,23.138663592981175,341.46310862986354,1.0175925063673825e-05,0.05,12.240955829620361,0.3838828762314498,0.3667818590736498,0.208177516063155,8.786237501582079,8.0
277,7901,22.738517753779888,347.47207736030174,9.39111620207818e-06,0.05,12.240955829620361,0.3816318367949137,0.36593055797519447,0.20753290522416895,8.705654347550944,8.0
278,7901,22.93539269315079,344.4894144916682,8.638919284321135e-06,0.05,12.240955829620361,0.38492585340491914,0.3695558150151669,0.20801811451520244,8.848369668396405,8.0
279,7901,22.81453225715086,346.3143539803914,7.919436156775293e-06,0.05,12.240955829620361,0.3818520712122225,0.35935357949685753,0.20714206144698374,8.736481141627642,8.0
280,7901,22.92528153490275,344.64135098934634,7.232764236413543e-06,0.05,12.240955829620361,0.3822394493274667,0.3636368563802555,0.2070331858137924,8.761383052778129,8.0
281,7901,23.09537491784431,342.1031279252109,6.578996497618818e-06,0.05,12.240955829620361,0.38176730071090625,0.36281466693036873,0.20627478088529605,8.77348990634097,8.0
282,7901,22.640401092125103,348.97791641810466,5.958221459595643e-06,0.05,12.240955829620361,0.38282221493849555,0.3651025787424006,0.20789071439814075,8.744581382103531,8.0
283,7901,22.976066167932004,343.8795807015706,5.3705231743845336e-06,0.05,12.240955829620361,0.38235056164928244,0.36785162065530363,0.20572178861096363,8.83175784710796,8.0
284,7901,22.956600276054814,344.1711710353402,4.815981215481722e-06,0.05,12.240955829620361,0.3816742872553616,0.3700943184365141,0.2064550455809092,8.759037621820022,8.0
285,7901,22.764019215945154,347.0828207026688,4.294670667064821e-06,0.05,12.240955829620361,0.3812554135848836,0.36263407203852716,0.20608351276375314,8.754441684596886,8.0
286,7901,22.832757853902876,346.0379184396009,3.806662113826748e-06,0.05,12.240955829620361,0.38330737664237563,0.3650807904874263,0.20821037692007363,8.755125933426148,8.0
287,7901,22.795325726969168,346.60614612987615,3.352021631418309e-06,0.05,12.240955829620361,0.38032348570740987,0.35582447498225817,0.20624914936793937,8.704910770788509,8.0
288,7901,22.766882909927517,347.03916347524074,2.930810777502094e-06,0.05,12.240955829620361,0.37953091099992187,0.35870722701558283,0.20373062679675874,8.790287621820022,8.0
289,7901,22.830271878978238,346.0755983057354,2.543086583417299e-06,0.05,12.240955829620361,0.3826532009967806,0.3614825239635362,0.2075634927006405,8.756363909631693,8.0
290,7901,22.804227941902354,346.4708395359466,2.1889015464580007e-06,0.05,12.240955829620361,0.38084917283634523,0.3610413703959496,0.2062842688908563,8.7295397734464,8.0
291,7901,23.24905172199942,339.8418178287967,1.8683036227649362e-06,0.05,12.240955829620361,0.38006099719455644,0.36308102923591684,0.2045512965714957,8.77601727629414,8.0
292,7901,22.76270497101359,347.1028601416776,1.5813362208323667e-06,0.05,12.240955829620361,0.3833324670670923,0.36505507653747205,0.20758384832995191,8.788820244272877,8.0
293,7901,22.92081599798985,344.70849557419405,1.3280381956306959e-06,0.05,12.240955829620361,0.38297333247811566,0.36433064818397354,0.20913049867788067,8.693729432983167,8.0
294,7901,22.704218610888347,347.9970015885457,1.1084438433455045e-06,0.05,12.240955829620361,0.3805837553824794,0.36099561506125794,0.20441378496135584,8.810633147702822,8.0
295,7901,22.696214543888345,348.1197265174596,9.225828967338609e-07,0.05,12.240955829620361,0.38079540584829996,0.3628155621467188,0.20572435968270136,8.755031008733072,8.0
296,7901,22.763674124144018,347.08808239439253,7.704805210985739e-07,0.05,12.240955829620361,0.38256640247024626,0.36361065216870747,0.20639074410747657,8.810767624351348,8.0
297,7901,22.962355867028236,344.08490338506977,6.521573108809437e-07,0.05,12.240955829620361,0.37881757831018253,0.3635073524987361,0.2061569799431335,8.630723167953423,8.0
298,7901,23.163709128042683,341.09390496683505,5.676292868721189e-07,0.05,12.240955829620361,0.37989397504830297,0.3619191158370057,0.20552757168899471,8.720517972408556,8.0
299,7901,23.10578554403037,341.9489887043165,5.169078940441159e-07,0.05,12.240955829620361,0.380492035787538,0.3651225768211687,0.2059933817842281,8.72520883432477,8.0
300,7901,23.161816983949393,341.1217697417785,5e-07,0.05,12.240955829620361,0.37632832393180327,0.35398165102156487,0.2025689202789988,8.690553410960637,8.0
